date,day,elapsed_seconds,solved,checked,revealed,streak_eligible
2014-01-01,Wed,0,0,0,0,0
2014-01-02,Thu,0,0,0,0,0
2014-01-03,Fri,0,0,0,0,0
2014-01-04,Sat,0,0,0,0,0
2014-01-05,Sun,0,0,0,0,0
2014-01-06,Mon,610,1,0,0,0
2014-01-07,Tue,907,1,1,0,0
2014-01-08,Wed,0,0,0,0,0
2014-01-09,Thu,0,0,0,0,0
2014-01-10,Fri,0,0,0,0,0
2014-01-11,Sat,0,0,0,0,0
2014-01-12,Sun,0,0,0,0,0
2014-01-13,Mon,500,1,0,0,0
2014-01-14,Tue,987,1,1,0,0
2014-01-15,Wed,0,0,0,0,0
2014-01-16,Thu,0,0,0,0,0
2014-01-17,Fri,0,0,0,0,0
2014-01-18,Sat,0,0,0,0,0
2014-01-19,Sun,0,0,0,0,0
2014-01-20,Mon,682,1,1,0,0
2014-01-21,Tue,0,0,0,0,0
2014-01-22,Wed,0,0,0,0,0
2014-01-23,Thu,0,0,0,0,0
2014-01-24,Fri,0,0,0,0,0
2014-01-25,Sat,0,0,0,0,0
2014-01-26,Sun,0,0,0,0,0
2014-01-27,Mon,475,1,0,0,0
2014-01-28,Tue,0,0,0,0,0
2014-01-29,Wed,0,0,0,0,0
2014-01-30,Thu,0,0,0,0,0
2014-01-31,Fri,0,0,0,0,0
2014-02-01,Sat,0,0,0,0,0
2014-02-02,Sun,0,0,0,0,0
2014-02-03,Mon,473,1,1,0,0
2014-02-04,Tue,1181,1,1,0,0
2014-02-05,Wed,810,1,1,0,0
2014-02-06,Thu,0,0,0,0,0
2014-02-07,Fri,0,0,0,0,0
2014-02-08,Sat,0,0,0,0,0
2014-02-09,Sun,0,0,0,0,0
2014-02-10,Mon,597,1,0,0,0
2014-02-11,Tue,616,1,1,0,0
2014-02-12,Wed,0,0,0,0,0
2014-02-13,Thu,0,0,0,0,0
2014-02-14,Fri,0,0,0,0,0
2014-02-15,Sat,0,0,0,0,0
2014-02-16,Sun,0,0,0,0,0
2014-02-17,Mon,381,1,0,0,0
2014-02-18,Tue,961,1,1,0,0
2014-02-19,Wed,0,0,0,0,0
2014-02-20,Thu,0,0,0,0,0
2014-02-21,Fri,0,0,0,0,0
2014-02-22,Sat,0,0,0,0,0
2014-02-23,Sun,0,0,0,0,0
2014-02-24,Mon,499,1,0,0,0
2014-02-25,Tue,589,1,1,0,0
2014-02-26,Wed,0,0,0,0,0
2014-02-27,Thu,0,0,0,0,0
2014-02-28,Fri,0,0,0,0,0
2014-03-01,Sat,0,0,0,0,0
2014-03-02,Sun,0,0,0,0,0
2014-03-03,Mon,372,1,0,0,0
2014-03-04,Tue,656,1,1,0,0
2014-03-05,Wed,428,0,0,0,0
2014-03-06,Thu,0,0,0,0,0
2014-03-07,Fri,0,0,0,0,0
2014-03-08,Sat,0,0,0,0,0
2014-03-09,Sun,0,0,0,0,0
2014-03-10,Mon,473,1,0,0,0
2014-03-11,Tue,560,1,0,0,0
2014-03-12,Wed,776,1,1,0,0
2014-03-13,Thu,0,0,0,0,0
2014-03-14,Fri,0,0,0,0,0
2014-03-15,Sat,0,0,0,0,0
2014-03-16,Sun,0,0,0,0,0
2014-03-17,Mon,572,1,0,0,0
2014-03-18,Tue,1221,1,1,0,0
2014-03-19,Wed,0,0,0,0,0
2014-03-20,Thu,0,0,0,0,0
2014-03-21,Fri,0,0,0,0,0
2014-03-22,Sat,0,0,0,0,0
2014-03-23,Sun,0,0,0,0,0
2014-03-24,Mon,416,1,0,0,0
2014-03-25,Tue,990,1,0,0,0
2014-03-26,Wed,0,0,0,0,0
2014-03-27,Thu,0,0,0,0,0
2014-03-28,Fri,0,0,0,0,0
2014-03-29,Sat,0,0,0,0,0
2014-03-30,Sun,0,0,0,0,0
2014-03-31,Mon,452,1,0,0,0
2014-04-01,Tue,604,1,0,0,0
2014-04-02,Wed,710,1,0,0,0
2014-04-03,Thu,0,0,0,0,0
2014-04-04,Fri,0,0,0,0,0
2014-04-05,Sat,0,0,0,0,0
2014-04-06,Sun,0,0,0,0,0
2014-04-07,Mon,317,1,0,0,0
2014-04-08,Tue,489,1,0,0,0
2014-04-09,Wed,863,1,1,0,0
2014-04-10,Thu,0,0,0,0,0
2014-04-11,Fri,0,0,0,0,0
2014-04-12,Sat,0,0,0,0,0
2014-04-13,Sun,0,0,0,0,0
2014-04-14,Mon,302,1,0,0,0
2014-04-15,Tue,557,1,1,0,0
2014-04-16,Wed,681,0,0,0,0
2014-04-17,Thu,0,0,0,0,0
2014-04-18,Fri,0,0,0,0,0
2014-04-19,Sat,0,0,0,0,0
2014-04-20,Sun,0,0,0,0,0
2014-04-21,Mon,369,1,0,0,0
2014-04-22,Tue,916,1,1,0,0
2014-04-23,Wed,0,0,0,0,0
2014-04-24,Thu,0,0,0,0,0
2014-04-25,Fri,0,0,0,0,0
2014-04-26,Sat,0,0,0,0,0
2014-04-27,Sun,0,0,0,0,0
2014-04-28,Mon,582,1,1,0,0
2014-04-29,Tue,1151,1,1,0,0
2014-04-30,Wed,0,0,0,0,0
2014-05-01,Thu,0,0,0,0,0
2014-05-02,Fri,0,0,0,0,0
2014-05-03,Sat,0,0,0,0,0
2014-05-04,Sun,0,0,0,0,0
2014-05-05,Mon,703,1,1,0,0
2014-05-06,Tue,1190,1,1,0,0
2014-05-07,Wed,0,0,0,0,0
2014-05-08,Thu,0,0,0,0,0
2014-05-09,Fri,0,0,0,0,0
2014-05-10,Sat,0,0,0,0,0
2014-05-11,Sun,0,0,0,0,0
2014-05-12,Mon,593,1,1,0,0
2014-05-13,Tue,0,0,0,0,0
2014-05-14,Wed,0,0,0,0,0
2014-05-15,Thu,0,0,0,0,0
2014-05-16,Fri,0,0,0,0,0
2014-05-17,Sat,0,0,0,0,0
2014-05-18,Sun,0,0,0,0,0
2014-05-19,Mon,871,1,1,0,0
2014-05-20,Tue,0,0,0,0,0
2014-05-21,Wed,0,0,0,0,0
2014-05-22,Thu,0,0,0,0,0
2014-05-23,Fri,0,0,0,0,0
2014-05-24,Sat,0,0,0,0,0
2014-05-25,Sun,0,0,0,0,0
2014-05-26,Mon,466,1,0,0,0
2014-05-27,Tue,0,0,0,0,0
2014-05-28,Wed,0,0,0,0,0
2014-05-29,Thu,0,0,0,0,0
2014-05-30,Fri,0,0,0,0,0
2014-05-31,Sat,0,0,0,0,0
2014-06-01,Sun,0,0,0,0,0
2014-06-02,Mon,442,1,0,0,0
2014-06-03,Tue,937,1,1,1,0
2014-06-04,Wed,1545,1,1,0,0
2014-06-05,Thu,456,0,0,0,0
2014-06-06,Fri,0,0,0,0,0
2014-06-07,Sat,0,0,0,0,0
2014-06-08,Sun,0,0,0,0,0
2014-06-09,Mon,333,1,0,0,0
2014-06-10,Tue,707,1,1,0,0
2014-06-11,Wed,791,1,0,0,0
2014-06-12,Thu,0,0,0,0,0
2014-06-13,Fri,0,0,0,0,0
2014-06-14,Sat,0,0,0,0,0
2014-06-15,Sun,0,0,0,0,0
2014-06-16,Mon,575,1,1,0,0
2014-06-17,Tue,895,1,1,0,0
2014-06-18,Wed,643,1,0,0,0
2014-06-19,Thu,0,0,0,0,0
2014-06-20,Fri,0,0,0,0,0
2014-06-21,Sat,0,0,0,0,0
2014-06-22,Sun,0,0,0,0,0
2014-06-23,Mon,412,1,1,0,0
2014-06-24,Tue,556,1,1,0,0
2014-06-25,Wed,586,1,1,0,0
2014-06-26,Thu,0,0,0,0,0
2014-06-27,Fri,0,0,0,0,0
2014-06-28,Sat,0,0,0,0,0
2014-06-29,Sun,0,0,0,0,0
2014-06-30,Mon,453,1,1,0,0
2014-07-01,Tue,698,1,1,0,0
2014-07-02,Wed,1366,1,1,0,0
2014-07-03,Thu,0,0,0,0,0
2014-07-04,Fri,0,0,0,0,0
2014-07-05,Sat,0,0,0,0,0
2014-07-06,Sun,0,0,0,0,0
2014-07-07,Mon,504,1,1,0,0
2014-07-08,Tue,909,1,1,0,0
2014-07-09,Wed,1761,1,1,0,0
2014-07-10,Thu,0,0,0,0,0
2014-07-11,Fri,0,0,0,0,0
2014-07-12,Sat,0,0,0,0,0
2014-07-13,Sun,0,0,0,0,0
2014-07-14,Mon,396,1,0,0,0
2014-07-15,Tue,625,1,1,0,0
2014-07-16,Wed,944,1,1,0,0
2014-07-17,Thu,0,0,0,0,0
2014-07-18,Fri,0,0,0,0,0
2014-07-19,Sat,0,0,0,0,0
2014-07-20,Sun,0,0,0,0,0
2014-07-21,Mon,434,1,0,0,0
2014-07-22,Tue,745,1,0,0,0
2014-07-23,Wed,684,1,1,0,0
2014-07-24,Thu,0,0,0,0,0
2014-07-25,Fri,0,0,0,0,0
2014-07-26,Sat,0,0,0,0,0
2014-07-27,Sun,0,0,0,0,0
2014-07-28,Mon,590,1,1,0,0
2014-07-29,Tue,1155,1,1,0,0
2014-07-30,Wed,0,0,0,0,0
2014-07-31,Thu,0,0,0,0,0
2014-08-01,Fri,0,0,0,0,0
2014-08-02,Sat,0,0,0,0,0
2014-08-03,Sun,0,0,0,0,0
2014-08-04,Mon,372,1,0,0,0
2014-08-05,Tue,825,1,0,0,0
2014-08-06,Wed,1266,1,1,0,0
2014-08-07,Thu,1701,1,1,0,0
2014-08-08,Fri,0,0,0,0,0
2014-08-09,Sat,0,0,0,0,0
2014-08-10,Sun,0,0,0,0,0
2014-08-11,Mon,465,1,0,0,0
2014-08-12,Tue,700,1,1,0,0
2014-08-13,Wed,895,1,1,0,0
2014-08-14,Thu,422,0,0,0,0
2014-08-15,Fri,0,0,0,0,0
2014-08-16,Sat,0,0,0,0,0
2014-08-17,Sun,0,0,0,0,0
2014-08-18,Mon,579,1,1,0,0
2014-08-19,Tue,619,1,0,0,0
2014-08-20,Wed,660,1,0,0,0
2014-08-21,Thu,0,0,0,0,0
2014-08-22,Fri,0,0,0,0,0
2014-08-23,Sat,0,0,0,0,0
2014-08-24,Sun,0,0,0,0,0
2014-08-25,Mon,431,1,0,0,0
2014-08-26,Tue,627,1,1,0,0
2014-08-27,Wed,1038,0,0,0,0
2014-08-28,Thu,0,0,0,0,0
2014-08-29,Fri,0,0,0,0,0
2014-08-30,Sat,0,0,0,0,0
2014-08-31,Sun,0,0,0,0,0
2014-09-01,Mon,671,1,0,0,0
2014-09-02,Tue,445,1,1,0,0
2014-09-03,Wed,1077,0,0,0,0
2014-09-04,Thu,0,0,0,0,0
2014-09-05,Fri,0,0,0,0,0
2014-09-06,Sat,0,0,0,0,0
2014-09-07,Sun,923,0,0,0,0
2014-09-08,Mon,412,1,0,0,0
2014-09-09,Tue,791,1,0,0,0
2014-09-10,Wed,1236,1,1,0,0
2014-09-11,Thu,0,0,0,0,0
2014-09-12,Fri,0,0,0,0,0
2014-09-13,Sat,0,0,0,0,0
2014-09-14,Sun,0,0,0,0,0
2014-09-15,Mon,529,1,1,0,0
2014-09-16,Tue,640,1,0,0,0
2014-09-17,Wed,1198,0,0,0,0
2014-09-18,Thu,0,0,0,0,0
2014-09-19,Fri,0,0,0,0,0
2014-09-20,Sat,0,0,0,0,0
2014-09-21,Sun,0,0,0,0,0
2014-09-22,Mon,668,1,1,0,0
2014-09-23,Tue,993,1,1,0,0
2014-09-24,Wed,1303,1,1,0,0
2014-09-25,Thu,0,0,0,0,0
2014-09-26,Fri,0,0,0,0,0
2014-09-27,Sat,0,0,0,0,0
2014-09-28,Sun,0,0,0,0,0
2014-09-29,Mon,689,1,1,0,0
2014-09-30,Tue,940,1,0,0,0
2014-10-01,Wed,991,1,1,0,0
2014-10-02,Thu,0,0,0,0,0
2014-10-03,Fri,0,0,0,0,0
2014-10-04,Sat,0,0,0,0,0
2014-10-05,Sun,0,0,0,0,0
2014-10-06,Mon,0,0,0,0,0
2014-10-07,Tue,867,1,1,0,0
2014-10-08,Wed,516,1,0,0,0
2014-10-09,Thu,0,0,0,0,0
2014-10-10,Fri,0,0,0,0,0
2014-10-11,Sat,0,0,0,0,0
2014-10-12,Sun,0,0,0,0,0
2014-10-13,Mon,600,1,1,0,0
2014-10-14,Tue,882,1,1,0,0
2014-10-15,Wed,0,0,0,0,0
2014-10-16,Thu,0,0,0,0,0
2014-10-17,Fri,0,0,0,0,0
2014-10-18,Sat,0,0,0,0,0
2014-10-19,Sun,0,0,0,0,0
2014-10-20,Mon,577,1,1,0,0
2014-10-21,Tue,918,1,1,0,0
2014-10-22,Wed,0,0,0,0,0
2014-10-23,Thu,0,0,0,0,0
2014-10-24,Fri,0,0,0,0,0
2014-10-25,Sat,0,0,0,0,0
2014-10-26,Sun,0,0,0,0,0
2014-10-27,Mon,462,1,1,0,0
2014-10-28,Tue,770,1,1,0,0
2014-10-29,Wed,0,0,0,0,0
2014-10-30,Thu,0,0,0,0,0
2014-10-31,Fri,0,0,0,0,0
2014-11-01,Sat,0,0,0,0,0
2014-11-02,Sun,0,0,0,0,0
2014-11-03,Mon,0,0,0,0,0
2014-11-04,Tue,1016,1,1,0,0
2014-11-05,Wed,732,1,1,0,0
2014-11-06,Thu,0,0,0,0,0
2014-11-07,Fri,0,0,0,0,0
2014-11-08,Sat,0,0,0,0,0
2014-11-09,Sun,0,0,0,0,0
2014-11-10,Mon,0,1,1,0,0
2014-11-11,Tue,0,0,0,0,0
2014-11-12,Wed,921,1,1,0,0
2014-11-13,Thu,0,0,0,0,0
2014-11-14,Fri,0,0,0,0,0
2014-11-15,Sat,0,0,0,0,0
2014-11-16,Sun,0,0,0,0,0
2014-11-17,Mon,0,0,0,0,0
2014-11-18,Tue,514,1,0,0,0
2014-11-19,Wed,385,0,0,0,0
2014-11-20,Thu,0,0,0,0,0
2014-11-21,Fri,0,0,0,0,0
2014-11-22,Sat,0,0,0,0,0
2014-11-23,Sun,0,0,0,0,0
2014-11-24,Mon,518,1,1,0,0
2014-11-25,Tue,506,1,0,0,0
2014-11-26,Wed,33,0,0,0,0
2014-11-27,Thu,0,0,0,0,0
2014-11-28,Fri,0,0,0,0,0
2014-11-29,Sat,0,0,0,0,0
2014-11-30,Sun,0,0,0,0,0
2014-12-01,Mon,433,1,0,0,0
2014-12-02,Tue,1800,1,1,0,0
2014-12-03,Wed,1216,1,1,0,0
2014-12-04,Thu,0,0,0,0,0
2014-12-05,Fri,0,0,0,0,0
2014-12-06,Sat,0,0,0,0,0
2014-12-07,Sun,0,0,0,0,0
2014-12-08,Mon,0,0,0,0,0
2014-12-09,Tue,778,1,1,0,0
2014-12-10,Wed,1826,1,1,0,0
2014-12-11,Thu,0,0,0,0,0
2014-12-12,Fri,0,0,0,0,0
2014-12-13,Sat,0,0,0,0,0
2014-12-14,Sun,0,0,0,0,0
2014-12-15,Mon,0,0,0,0,0
2014-12-16,Tue,1312,1,1,0,0
2014-12-17,Wed,1280,1,1,0,0
2014-12-18,Thu,0,0,0,0,0
2014-12-19,Fri,0,0,0,0,0
2014-12-20,Sat,0,0,0,0,0
2014-12-21,Sun,0,0,0,0,0
2014-12-22,Mon,670,1,1,0,0
2014-12-23,Tue,1016,1,1,0,0
2014-12-24,Wed,1535,1,1,0,0
2014-12-25,Thu,0,0,0,0,0
2014-12-26,Fri,0,0,0,0,0
2014-12-27,Sat,0,0,0,0,0
2014-12-28,Sun,0,0,0,0,0
2014-12-29,Mon,808,1,1,0,0
2014-12-30,Tue,1074,1,1,0,0
2014-12-31,Wed,1069,1,1,0,0
2015-01-01,Thu,0,0,0,0,0
2015-01-02,Fri,0,0,0,0,0
2015-01-03,Sat,0,0,0,0,0
2015-01-04,Sun,0,0,0,0,0
2015-01-05,Mon,393,1,0,0,0
2015-01-06,Tue,619,1,0,0,0
2015-01-07,Wed,1284,1,1,0,0
2015-01-08,Thu,0,0,0,0,0
2015-01-09,Fri,0,0,0,0,0
2015-01-10,Sat,0,0,0,0,0
2015-01-11,Sun,0,0,0,0,0
2015-01-12,Mon,402,1,1,0,0
2015-01-13,Tue,480,1,1,0,0
2015-01-14,Wed,755,1,1,0,0
2015-01-15,Thu,0,0,0,0,0
2015-01-16,Fri,0,0,0,0,0
2015-01-17,Sat,0,0,0,0,0
2015-01-18,Sun,0,0,0,0,0
2015-01-19,Mon,512,1,1,0,0
2015-01-20,Tue,1223,1,1,0,0
2015-01-21,Wed,1105,0,0,0,0
2015-01-22,Thu,0,0,0,0,0
2015-01-23,Fri,0,0,0,0,0
2015-01-24,Sat,0,0,0,0,0
2015-01-25,Sun,0,0,0,0,0
2015-01-26,Mon,474,1,1,0,0
2015-01-27,Tue,733,1,0,0,0
2015-01-28,Wed,1709,1,1,0,0
2015-01-29,Thu,0,0,0,0,0
2015-01-30,Fri,0,0,0,0,0
2015-01-31,Sat,0,0,0,0,0
2015-02-01,Sun,0,0,0,0,0
2015-02-02,Mon,450,1,0,0,0
2015-02-03,Tue,1140,1,1,0,0
2015-02-04,Wed,1216,1,1,0,0
2015-02-05,Thu,2014,1,1,0,0
2015-02-06,Fri,0,0,0,0,0
2015-02-07,Sat,0,0,0,0,0
2015-02-08,Sun,0,0,0,0,0
2015-02-09,Mon,462,1,0,0,0
2015-02-10,Tue,551,1,0,1,0
2015-02-11,Wed,672,1,1,0,0
2015-02-12,Thu,0,0,0,0,0
2015-02-13,Fri,0,0,0,0,0
2015-02-14,Sat,0,0,0,0,0
2015-02-15,Sun,0,0,0,0,0
2015-02-16,Mon,511,1,1,0,0
2015-02-17,Tue,697,1,0,0,0
2015-02-18,Wed,889,1,1,0,0
2015-02-19,Thu,0,0,0,0,0
2015-02-20,Fri,0,0,0,0,0
2015-02-21,Sat,0,0,0,0,0
2015-02-22,Sun,0,0,0,0,0
2015-02-23,Mon,344,1,0,0,0
2015-02-24,Tue,629,1,1,0,0
2015-02-25,Wed,713,1,1,0,0
2015-02-26,Thu,0,0,0,0,0
2015-02-27,Fri,0,0,0,0,0
2015-02-28,Sat,0,0,0,0,0
2015-03-01,Sun,0,0,0,0,0
2015-03-02,Mon,544,1,1,0,0
2015-03-03,Tue,527,1,0,0,0
2015-03-04,Wed,1167,1,1,0,0
2015-03-05,Thu,0,0,0,0,0
2015-03-06,Fri,0,0,0,0,0
2015-03-07,Sat,0,0,0,0,0
2015-03-08,Sun,0,0,0,0,0
2015-03-09,Mon,379,1,0,0,0
2015-03-10,Tue,1145,1,1,0,0
2015-03-11,Wed,1569,1,1,0,0
2015-03-12,Thu,0,0,0,0,0
2015-03-13,Fri,0,0,0,0,0
2015-03-14,Sat,0,0,0,0,0
2015-03-15,Sun,0,0,0,0,0
2015-03-16,Mon,520,1,0,0,0
2015-03-17,Tue,828,1,1,0,0
2015-03-18,Wed,780,1,1,0,0
2015-03-19,Thu,0,0,0,0,0
2015-03-20,Fri,0,0,0,0,0
2015-03-21,Sat,0,0,0,0,0
2015-03-22,Sun,0,0,0,0,0
2015-03-23,Mon,407,1,0,0,0
2015-03-24,Tue,829,1,1,0,0
2015-03-25,Wed,796,0,1,0,0
2015-03-26,Thu,0,0,0,0,0
2015-03-27,Fri,0,0,0,0,0
2015-03-28,Sat,0,0,0,0,0
2015-03-29,Sun,0,0,0,0,0
2015-03-30,Mon,444,1,0,0,0
2015-03-31,Tue,609,1,0,0,0
2015-04-01,Wed,0,0,0,0,0
2015-04-02,Thu,0,0,0,0,0
2015-04-03,Fri,0,0,0,0,0
2015-04-04,Sat,0,0,0,0,0
2015-04-05,Sun,0,0,0,0,0
2015-04-06,Mon,404,1,0,0,0
2015-04-07,Tue,540,1,1,0,0
2015-04-08,Wed,0,0,0,0,0
2015-04-09,Thu,0,0,0,0,0
2015-04-10,Fri,0,0,0,0,0
2015-04-11,Sat,0,0,0,0,0
2015-04-12,Sun,0,0,0,0,0
2015-04-13,Mon,821,1,0,0,0
2015-04-14,Tue,1114,1,1,0,0
2015-04-15,Wed,0,0,0,0,0
2015-04-16,Thu,0,0,0,0,0
2015-04-17,Fri,0,0,0,0,0
2015-04-18,Sat,0,0,0,0,0
2015-04-19,Sun,0,0,0,0,0
2015-04-20,Mon,504,1,1,0,0
2015-04-21,Tue,1226,1,1,0,0
2015-04-22,Wed,0,0,0,0,0
2015-04-23,Thu,0,0,0,0,0
2015-04-24,Fri,0,0,0,0,0
2015-04-25,Sat,0,0,0,0,0
2015-04-26,Sun,0,0,0,0,0
2015-04-27,Mon,554,1,1,0,0
2015-04-28,Tue,665,1,1,0,0
2015-04-29,Wed,0,0,0,0,0
2015-04-30,Thu,0,0,0,0,0
2015-05-01,Fri,0,0,0,0,0
2015-05-02,Sat,0,0,0,0,0
2015-05-03,Sun,0,0,0,0,0
2015-05-04,Mon,433,1,0,0,0
2015-05-05,Tue,1082,1,1,0,0
2015-05-06,Wed,0,0,0,0,0
2015-05-07,Thu,0,0,0,0,0
2015-05-08,Fri,0,0,0,0,0
2015-05-09,Sat,0,0,0,0,0
2015-05-10,Sun,0,0,0,0,0
2015-05-11,Mon,358,1,0,0,0
2015-05-12,Tue,0,0,0,0,0
2015-05-13,Wed,0,0,0,0,0
2015-05-14,Thu,0,0,0,0,0
2015-05-15,Fri,0,0,0,0,0
2015-05-16,Sat,0,0,0,0,0
2015-05-17,Sun,0,0,0,0,0
2015-05-18,Mon,488,1,0,0,0
2015-05-19,Tue,1061,1,1,0,0
2015-05-20,Wed,0,0,0,0,0
2015-05-21,Thu,0,0,0,0,0
2015-05-22,Fri,0,0,0,0,0
2015-05-23,Sat,0,0,0,0,0
2015-05-24,Sun,0,0,0,0,0
2015-05-25,Mon,453,1,0,0,0
2015-05-26,Tue,0,0,0,0,0
2015-05-27,Wed,0,0,0,0,0
2015-05-28,Thu,0,0,0,0,0
2015-05-29,Fri,0,0,0,0,0
2015-05-30,Sat,0,0,0,0,0
2015-05-31,Sun,0,0,0,0,0
2015-06-01,Mon,486,1,0,0,0
2015-06-02,Tue,1157,1,0,0,0
2015-06-03,Wed,362,0,0,0,0
2015-06-04,Thu,0,0,0,0,0
2015-06-05,Fri,0,0,0,0,0
2015-06-06,Sat,0,0,0,0,0
2015-06-07,Sun,0,0,0,0,0
2015-06-08,Mon,655,1,0,0,0
2015-06-09,Tue,536,1,0,0,0
2015-06-10,Wed,1061,1,0,0,0
2015-06-11,Thu,0,0,0,0,0
2015-06-12,Fri,0,0,0,0,0
2015-06-13,Sat,0,0,0,0,0
2015-06-14,Sun,0,0,0,0,0
2015-06-15,Mon,728,1,1,0,0
2015-06-16,Tue,1097,1,0,0,0
2015-06-17,Wed,1629,1,1,0,0
2015-06-18,Thu,0,0,0,0,0
2015-06-19,Fri,0,0,0,0,0
2015-06-20,Sat,0,0,0,0,0
2015-06-21,Sun,0,0,0,0,0
2015-06-22,Mon,491,1,0,0,0
2015-06-23,Tue,733,1,1,0,0
2015-06-24,Wed,1147,1,1,0,0
2015-06-25,Thu,0,0,0,0,0
2015-06-26,Fri,0,0,0,0,0
2015-06-27,Sat,0,0,0,0,0
2015-06-28,Sun,0,0,0,0,0
2015-06-29,Mon,822,1,1,0,0
2015-06-30,Tue,0,0,0,0,0
2015-07-01,Wed,0,0,0,0,0
2015-07-02,Thu,0,0,0,0,0
2015-07-03,Fri,0,0,0,0,0
2015-07-04,Sat,0,0,0,0,0
2015-07-05,Sun,0,0,0,0,0
2015-07-06,Mon,368,1,0,0,0
2015-07-07,Tue,0,0,0,0,0
2015-07-08,Wed,0,0,0,0,0
2015-07-09,Thu,0,0,0,0,0
2015-07-10,Fri,0,0,0,0,0
2015-07-11,Sat,0,0,0,0,0
2015-07-12,Sun,0,0,0,0,0
2015-07-13,Mon,509,1,0,0,0
2015-07-14,Tue,1299,1,1,0,0
2015-07-15,Wed,0,0,0,0,0
2015-07-16,Thu,0,0,0,0,0
2015-07-17,Fri,0,0,0,0,0
2015-07-18,Sat,0,0,0,0,0
2015-07-19,Sun,0,0,0,0,0
2015-07-20,Mon,597,1,0,0,0
2015-07-21,Tue,2634,1,1,0,0
2015-07-22,Wed,719,1,0,0,0
2015-07-23,Thu,0,0,0,0,0
2015-07-24,Fri,0,0,0,0,0
2015-07-25,Sat,0,0,0,0,0
2015-07-26,Sun,0,0,0,0,0
2015-07-27,Mon,381,1,0,0,0
2015-07-28,Tue,978,1,1,0,0
2015-07-29,Wed,0,0,0,0,0
2015-07-30,Thu,0,0,0,0,0
2015-07-31,Fri,0,0,0,0,0
2015-08-01,Sat,0,0,0,0,0
2015-08-02,Sun,0,0,0,0,0
2015-08-03,Mon,0,0,0,0,0
2015-08-04,Tue,0,0,0,0,0
2015-08-05,Wed,1056,0,0,0,0
2015-08-06,Thu,0,0,0,0,0
2015-08-07,Fri,0,0,0,0,0
2015-08-08,Sat,0,0,0,0,0
2015-08-09,Sun,0,0,0,0,0
2015-08-10,Mon,0,0,0,0,0
2015-08-11,Tue,0,0,0,0,0
2015-08-12,Wed,0,0,0,0,0
2015-08-13,Thu,0,0,0,0,0
2015-08-14,Fri,0,0,0,0,0
2015-08-15,Sat,0,0,0,0,0
2015-08-16,Sun,0,0,0,0,0
2015-08-17,Mon,0,0,0,0,0
2015-08-18,Tue,868,1,1,0,0
2015-08-19,Wed,1,0,0,0,0
2015-08-20,Thu,0,0,0,0,0
2015-08-21,Fri,0,0,0,0,0
2015-08-22,Sat,0,0,0,0,0
2015-08-23,Sun,0,0,0,0,0
2015-08-24,Mon,0,0,0,0,0
2015-08-25,Tue,792,1,1,0,0
2015-08-26,Wed,0,0,0,0,0
2015-08-27,Thu,0,0,0,0,0
2015-08-28,Fri,0,0,0,0,0
2015-08-29,Sat,0,0,0,0,0
2015-08-30,Sun,0,0,0,0,0
2015-08-31,Mon,0,0,0,0,0
2015-09-01,Tue,0,0,0,0,0
2015-09-02,Wed,0,0,0,0,0
2015-09-03,Thu,0,0,0,0,0
2015-09-04,Fri,0,0,0,0,0
2015-09-05,Sat,0,0,0,0,0
2015-09-06,Sun,0,0,0,0,0
2015-09-07,Mon,0,0,0,0,0
2015-09-08,Tue,0,0,0,0,0
2015-09-09,Wed,0,0,0,0,0
2015-09-10,Thu,0,0,0,0,0
2015-09-11,Fri,0,0,0,0,0
2015-09-12,Sat,0,0,0,0,0
2015-09-13,Sun,0,0,0,0,0
2015-09-14,Mon,0,0,0,0,0
2015-09-15,Tue,0,0,0,0,0
2015-09-16,Wed,0,0,0,0,0
2015-09-17,Thu,0,0,0,0,0
2015-09-18,Fri,0,0,0,0,0
2015-09-19,Sat,0,0,0,0,0
2015-09-20,Sun,0,0,0,0,0
2015-09-21,Mon,0,0,0,0,0
2015-09-22,Tue,0,0,0,0,0
2015-09-23,Wed,0,0,0,0,0
2015-09-24,Thu,0,0,0,0,0
2015-09-25,Fri,0,0,0,0,0
2015-09-26,Sat,0,0,0,0,0
2015-09-27,Sun,0,0,0,0,0
2015-09-28,Mon,0,0,0,0,0
2015-09-29,Tue,0,0,0,0,0
2015-09-30,Wed,0,0,0,0,0
2015-10-01,Thu,0,0,0,0,0
2015-10-02,Fri,0,0,0,0,0
2015-10-03,Sat,0,0,0,0,0
2015-10-04,Sun,0,0,0,0,0
2015-10-05,Mon,0,0,0,0,0
2015-10-06,Tue,0,0,0,0,0
2015-10-07,Wed,0,0,0,0,0
2015-10-08,Thu,0,0,0,0,0
2015-10-09,Fri,0,0,0,0,0
2015-10-10,Sat,0,0,0,0,0
2015-10-11,Sun,0,0,0,0,0
2015-10-12,Mon,0,0,0,0,0
2015-10-13,Tue,1589,1,1,0,0
2015-10-14,Wed,0,0,0,0,0
2015-10-15,Thu,0,0,0,0,0
2015-10-16,Fri,0,0,0,0,0
2015-10-17,Sat,0,0,0,0,0
2015-10-18,Sun,0,0,0,0,0
2015-10-19,Mon,0,0,0,0,0
2015-10-20,Tue,0,0,0,0,0
2015-10-21,Wed,0,0,0,0,0
2015-10-22,Thu,0,0,0,0,0
2015-10-23,Fri,0,0,0,0,0
2015-10-24,Sat,0,0,0,0,0
2015-10-25,Sun,0,0,0,0,0
2015-10-26,Mon,0,0,0,0,0
2015-10-27,Tue,573,1,1,0,0
2015-10-28,Wed,0,0,0,0,0
2015-10-29,Thu,0,0,0,0,0
2015-10-30,Fri,0,0,0,0,0
2015-10-31,Sat,0,0,0,0,0
2015-11-01,Sun,0,0,0,0,0
2015-11-02,Mon,0,0,0,0,0
2015-11-03,Tue,1150,1,1,0,0
2015-11-04,Wed,0,0,0,0,0
2015-11-05,Thu,0,0,0,0,0
2015-11-06,Fri,0,0,0,0,0
2015-11-07,Sat,0,0,0,0,0
2015-11-08,Sun,0,0,0,0,0
2015-11-09,Mon,0,0,0,0,0
2015-11-10,Tue,665,1,0,0,0
2015-11-11,Wed,1014,1,1,0,0
2015-11-12,Thu,0,0,0,0,0
2015-11-13,Fri,0,0,0,0,0
2015-11-14,Sat,0,0,0,0,0
2015-11-15,Sun,0,0,0,0,0
2015-11-16,Mon,0,0,0,0,0
2015-11-17,Tue,675,1,1,0,0
2015-11-18,Wed,0,0,0,0,0
2015-11-19,Thu,0,0,0,0,0
2015-11-20,Fri,0,0,0,0,0
2015-11-21,Sat,0,0,0,0,0
2015-11-22,Sun,0,0,0,0,0
2015-11-23,Mon,0,0,0,0,0
2015-11-24,Tue,0,0,0,0,0
2015-11-25,Wed,0,0,0,0,0
2015-11-26,Thu,0,0,0,0,0
2015-11-27,Fri,0,0,0,0,0
2015-11-28,Sat,0,0,0,0,0
2015-11-29,Sun,0,0,0,0,0
2015-11-30,Mon,0,0,0,0,0
2015-12-01,Tue,595,1,0,0,0
2015-12-02,Wed,668,0,1,0,0
2015-12-03,Thu,0,0,0,0,0
2015-12-04,Fri,0,0,0,0,0
2015-12-05,Sat,0,0,0,0,0
2015-12-06,Sun,0,0,0,0,0
2015-12-07,Mon,0,0,0,0,0
2015-12-08,Tue,358,1,1,0,0
2015-12-09,Wed,756,1,1,0,0
2015-12-10,Thu,0,0,0,0,0
2015-12-11,Fri,0,0,0,0,0
2015-12-12,Sat,0,0,0,0,0
2015-12-13,Sun,0,0,0,0,0
2015-12-14,Mon,558,1,1,0,0
2015-12-15,Tue,610,1,0,0,0
2015-12-16,Wed,1612,1,1,0,0
2015-12-17,Thu,0,0,0,0,0
2015-12-18,Fri,0,0,0,0,0
2015-12-19,Sat,0,0,0,0,0
2015-12-20,Sun,863,0,0,0,0
2015-12-21,Mon,0,0,0,0,0
2015-12-22,Tue,481,1,0,0,0
2015-12-23,Wed,1254,1,1,0,0
2015-12-24,Thu,0,0,0,0,0
2015-12-25,Fri,0,0,0,0,0
2015-12-26,Sat,0,0,0,0,0
2015-12-27,Sun,279,0,0,0,0
2015-12-28,Mon,479,1,0,0,0
2015-12-29,Tue,657,1,1,0,0
2015-12-30,Wed,721,0,1,0,0
2015-12-31,Thu,0,0,0,0,0
2016-01-01,Fri,0,0,0,0,0
2016-01-02,Sat,0,0,0,0,0
2016-01-03,Sun,0,0,0,0,0
2016-01-04,Mon,0,0,0,0,0
2016-01-05,Tue,538,1,0,0,0
2016-01-06,Wed,0,0,0,0,0
2016-01-07,Thu,0,0,0,0,0
2016-01-08,Fri,0,0,0,0,0
2016-01-09,Sat,0,0,0,0,0
2016-01-10,Sun,0,0,0,0,0
2016-01-11,Mon,0,0,0,0,0
2016-01-12,Tue,580,1,1,0,0
2016-01-13,Wed,0,0,0,0,0
2016-01-14,Thu,0,0,0,0,0
2016-01-15,Fri,0,0,0,0,0
2016-01-16,Sat,0,0,0,0,0
2016-01-17,Sun,0,0,0,0,0
2016-01-18,Mon,0,0,0,0,0
2016-01-19,Tue,1154,1,1,0,0
2016-01-20,Wed,0,0,0,0,0
2016-01-21,Thu,0,0,0,0,0
2016-01-22,Fri,0,0,0,0,0
2016-01-23,Sat,0,0,0,0,0
2016-01-24,Sun,0,0,0,0,0
2016-01-25,Mon,0,0,0,0,0
2016-01-26,Tue,130,0,0,0,0
2016-01-27,Wed,0,0,0,0,0
2016-01-28,Thu,0,0,0,0,0
2016-01-29,Fri,0,0,0,0,0
2016-01-30,Sat,0,0,0,0,0
2016-01-31,Sun,0,0,0,0,0
2016-02-01,Mon,0,0,0,0,0
2016-02-02,Tue,138,1,1,0,0
2016-02-03,Wed,829,1,0,0,0
2016-02-04,Thu,363,0,0,0,0
2016-02-05,Fri,0,0,0,0,0
2016-02-06,Sat,0,0,0,0,0
2016-02-07,Sun,0,0,0,0,0
2016-02-08,Mon,274,1,0,0,0
2016-02-09,Tue,533,1,1,0,0
2016-02-10,Wed,943,1,1,0,0
2016-02-11,Thu,1225,1,1,0,0
2016-02-12,Fri,0,0,0,0,0
2016-02-13,Sat,0,0,0,0,0
2016-02-14,Sun,0,0,0,0,0
2016-02-15,Mon,32,0,0,0,0
2016-02-16,Tue,237,1,1,0,0
2016-02-17,Wed,771,1,1,0,0
2016-02-18,Thu,0,0,0,0,0
2016-02-19,Fri,0,0,0,0,0
2016-02-20,Sat,0,0,0,0,0
2016-02-21,Sun,0,0,0,0,0
2016-02-22,Mon,558,1,0,0,0
2016-02-23,Tue,1083,1,1,0,0
2016-02-24,Wed,689,0,0,0,0
2016-02-25,Thu,0,0,0,0,0
2016-02-26,Fri,0,0,0,0,0
2016-02-27,Sat,0,0,0,0,0
2016-02-28,Sun,0,0,0,0,0
2016-02-29,Mon,441,1,0,0,0
2016-03-01,Tue,1088,0,0,0,0
2016-03-02,Wed,286,0,0,0,0
2016-03-03,Thu,0,0,0,0,0
2016-03-04,Fri,0,0,0,0,0
2016-03-05,Sat,0,0,0,0,0
2016-03-06,Sun,0,0,0,0,0
2016-03-07,Mon,465,1,1,0,0
2016-03-08,Tue,644,1,0,0,0
2016-03-09,Wed,0,0,0,0,0
2016-03-10,Thu,0,0,0,0,0
2016-03-11,Fri,0,0,0,0,0
2016-03-12,Sat,0,0,0,0,0
2016-03-13,Sun,0,0,0,0,0
2016-03-14,Mon,297,1,0,0,0
2016-03-15,Tue,668,1,0,0,0
2016-03-16,Wed,0,0,0,0,0
2016-03-17,Thu,0,0,0,0,0
2016-03-18,Fri,0,0,0,0,0
2016-03-19,Sat,0,0,0,0,0
2016-03-20,Sun,0,0,0,0,0
2016-03-21,Mon,335,1,1,0,0
2016-03-22,Tue,767,1,1,0,0
2016-03-23,Wed,0,0,0,0,0
2016-03-24,Thu,0,0,0,0,0
2016-03-25,Fri,0,0,0,0,0
2016-03-26,Sat,0,0,0,0,0
2016-03-27,Sun,0,0,0,0,0
2016-03-28,Mon,330,1,0,0,0
2016-03-29,Tue,796,1,0,0,0
2016-03-30,Wed,0,0,0,0,0
2016-03-31,Thu,0,0,0,0,0
2016-04-01,Fri,0,0,0,0,0
2016-04-02,Sat,0,0,0,0,0
2016-04-03,Sun,0,0,0,0,0
2016-04-04,Mon,422,1,0,0,0
2016-04-05,Tue,0,0,0,0,0
2016-04-06,Wed,1458,1,0,0,0
2016-04-07,Thu,0,0,0,0,0
2016-04-08,Fri,0,0,0,0,0
2016-04-09,Sat,0,0,0,0,0
2016-04-10,Sun,0,0,0,0,0
2016-04-11,Mon,455,1,1,0,0
2016-04-12,Tue,1359,1,0,0,0
2016-04-13,Wed,1747,1,1,0,0
2016-04-14,Thu,0,0,0,0,0
2016-04-15,Fri,0,0,0,0,0
2016-04-16,Sat,0,0,0,0,0
2016-04-17,Sun,0,0,0,0,0
2016-04-18,Mon,0,0,0,0,0
2016-04-19,Tue,958,1,0,0,0
2016-04-20,Wed,718,1,0,0,0
2016-04-21,Thu,0,0,0,0,0
2016-04-22,Fri,0,0,0,0,0
2016-04-23,Sat,0,0,0,0,0
2016-04-24,Sun,0,0,0,0,0
2016-04-25,Mon,515,1,0,0,0
2016-04-26,Tue,1115,1,0,0,0
2016-04-27,Wed,1483,1,1,0,0
2016-04-28,Thu,0,0,0,0,0
2016-04-29,Fri,0,0,0,0,0
2016-04-30,Sat,0,0,0,0,0
2016-05-01,Sun,0,0,0,0,0
2016-05-02,Mon,673,1,0,0,0
2016-05-03,Tue,751,1,0,0,0
2016-05-04,Wed,737,0,1,0,0
2016-05-05,Thu,0,0,0,0,0
2016-05-06,Fri,0,0,0,0,0
2016-05-07,Sat,0,0,0,0,0
2016-05-08,Sun,0,0,0,0,0
2016-05-09,Mon,0,0,0,0,0
2016-05-10,Tue,837,1,1,0,0
2016-05-11,Wed,570,1,0,0,0
2016-05-12,Thu,0,0,0,0,0
2016-05-13,Fri,0,0,0,0,0
2016-05-14,Sat,0,0,0,0,0
2016-05-15,Sun,0,0,0,0,0
2016-05-16,Mon,0,0,0,0,0
2016-05-17,Tue,1585,1,1,0,0
2016-05-18,Wed,833,1,0,0,0
2016-05-19,Thu,268,0,0,0,0
2016-05-20,Fri,0,0,0,0,0
2016-05-21,Sat,0,0,0,0,0
2016-05-22,Sun,0,0,0,0,0
2016-05-23,Mon,0,0,0,0,0
2016-05-24,Tue,576,1,1,0,0
2016-05-25,Wed,868,1,1,0,0
2016-05-26,Thu,0,0,0,0,0
2016-05-27,Fri,0,0,0,0,0
2016-05-28,Sat,0,0,0,0,0
2016-05-29,Sun,0,0,0,0,0
2016-05-30,Mon,0,0,0,0,0
2016-05-31,Tue,0,0,0,0,0
2016-06-01,Wed,0,0,0,0,0
2016-06-02,Thu,0,0,0,0,0
2016-06-03,Fri,0,0,0,0,0
2016-06-04,Sat,0,0,0,0,0
2016-06-05,Sun,0,0,0,0,0
2016-06-06,Mon,0,0,0,0,0
2016-06-07,Tue,0,0,0,0,0
2016-06-08,Wed,822,0,1,0,0
2016-06-09,Thu,0,0,0,0,0
2016-06-10,Fri,0,0,0,0,0
2016-06-11,Sat,0,0,0,0,0
2016-06-12,Sun,0,0,0,0,0
2016-06-13,Mon,0,0,0,0,0
2016-06-14,Tue,0,0,0,0,0
2016-06-15,Wed,0,0,0,0,0
2016-06-16,Thu,0,0,0,0,0
2016-06-17,Fri,0,0,0,0,0
2016-06-18,Sat,0,0,0,0,0
2016-06-19,Sun,0,0,0,0,0
2016-06-20,Mon,0,0,0,0,0
2016-06-21,Tue,0,0,0,0,0
2016-06-22,Wed,0,0,0,0,0
2016-06-23,Thu,0,0,0,0,0
2016-06-24,Fri,0,0,0,0,0
2016-06-25,Sat,0,0,0,0,0
2016-06-26,Sun,0,0,0,0,0
2016-06-27,Mon,0,0,0,0,0
2016-06-28,Tue,0,0,0,0,0
2016-06-29,Wed,0,0,0,0,0
2016-06-30,Thu,0,0,0,0,0
2016-07-01,Fri,0,0,0,0,0
2016-07-02,Sat,0,0,0,0,0
2016-07-03,Sun,0,0,0,0,0
2016-07-04,Mon,524,1,1,0,0
2016-07-05,Tue,0,0,0,0,0
2016-07-06,Wed,0,0,0,0,0
2016-07-07,Thu,0,0,0,0,0
2016-07-08,Fri,0,0,0,0,0
2016-07-09,Sat,0,0,0,0,0
2016-07-10,Sun,0,0,0,0,0
2016-07-11,Mon,655,1,0,0,0
2016-07-12,Tue,0,0,0,0,0
2016-07-13,Wed,0,0,0,0,0
2016-07-14,Thu,408,0,0,0,0
2016-07-15,Fri,0,0,0,0,0
2016-07-16,Sat,0,0,0,0,0
2016-07-17,Sun,0,0,0,0,0
2016-07-18,Mon,367,1,1,0,0
2016-07-19,Tue,0,0,0,0,0
2016-07-20,Wed,0,0,0,0,0
2016-07-21,Thu,0,0,0,0,0
2016-07-22,Fri,0,0,0,0,0
2016-07-23,Sat,0,0,0,0,0
2016-07-24,Sun,0,0,0,0,0
2016-07-25,Mon,0,0,0,0,0
2016-07-26,Tue,0,0,0,0,0
2016-07-27,Wed,0,0,0,0,0
2016-07-28,Thu,0,0,0,0,0
2016-07-29,Fri,0,0,0,0,0
2016-07-30,Sat,0,0,0,0,0
2016-07-31,Sun,0,0,0,0,0
2016-08-01,Mon,0,0,0,0,0
2016-08-02,Tue,0,0,0,0,0
2016-08-03,Wed,0,0,0,0,0
2016-08-04,Thu,0,0,0,0,0
2016-08-05,Fri,0,0,0,0,0
2016-08-06,Sat,0,0,0,0,0
2016-08-07,Sun,0,0,0,0,0
2016-08-08,Mon,466,1,1,0,0
2016-08-09,Tue,0,0,0,0,0
2016-08-10,Wed,0,0,0,0,0
2016-08-11,Thu,0,0,0,0,0
2016-08-12,Fri,0,0,0,0,0
2016-08-13,Sat,0,0,0,0,0
2016-08-14,Sun,0,0,0,0,0
2016-08-15,Mon,0,0,0,0,0
2016-08-16,Tue,0,0,0,0,0
2016-08-17,Wed,0,0,0,0,0
2016-08-18,Thu,0,0,0,0,0
2016-08-19,Fri,0,0,0,0,0
2016-08-20,Sat,0,0,0,0,0
2016-08-21,Sun,0,0,0,0,0
2016-08-22,Mon,0,0,0,0,0
2016-08-23,Tue,0,0,0,0,0
2016-08-24,Wed,0,0,0,0,0
2016-08-25,Thu,0,0,0,0,0
2016-08-26,Fri,0,0,0,0,0
2016-08-27,Sat,0,0,0,0,0
2016-08-28,Sun,0,0,0,0,0
2016-08-29,Mon,0,0,0,0,0
2016-08-30,Tue,0,0,0,0,0
2016-08-31,Wed,0,0,0,0,0
2016-09-01,Thu,0,0,0,0,0
2016-09-02,Fri,0,0,0,0,0
2016-09-03,Sat,0,0,0,0,0
2016-09-04,Sun,0,0,0,0,0
2016-09-05,Mon,0,0,0,0,0
2016-09-06,Tue,512,1,0,0,0
2016-09-07,Wed,0,0,0,0,0
2016-09-08,Thu,0,0,0,0,0
2016-09-09,Fri,0,0,0,0,0
2016-09-10,Sat,0,0,0,0,0
2016-09-11,Sun,0,0,0,0,0
2016-09-12,Mon,0,0,0,0,0
2016-09-13,Tue,0,0,0,0,0
2016-09-14,Wed,0,0,0,0,0
2016-09-15,Thu,0,0,0,0,0
2016-09-16,Fri,0,0,0,0,0
2016-09-17,Sat,0,0,0,0,0
2016-09-18,Sun,0,0,0,0,0
2016-09-19,Mon,428,1,0,0,0
2016-09-20,Tue,0,0,0,0,0
2016-09-21,Wed,0,0,0,0,0
2016-09-22,Thu,0,0,0,0,0
2016-09-23,Fri,0,0,0,0,0
2016-09-24,Sat,0,0,0,0,0
2016-09-25,Sun,0,0,0,0,0
2016-09-26,Mon,0,0,0,0,0
2016-09-27,Tue,0,0,0,0,0
2016-09-28,Wed,0,0,0,0,0
2016-09-29,Thu,0,0,0,0,0
2016-09-30,Fri,0,0,0,0,0
2016-10-01,Sat,0,0,0,0,0
2016-10-02,Sun,0,0,0,0,0
2016-10-03,Mon,476,1,0,0,0
2016-10-04,Tue,440,1,1,0,0
2016-10-05,Wed,0,0,0,0,0
2016-10-06,Thu,0,0,0,0,0
2016-10-07,Fri,0,0,0,0,0
2016-10-08,Sat,0,0,0,0,0
2016-10-09,Sun,0,0,0,0,0
2016-10-10,Mon,0,0,0,0,0
2016-10-11,Tue,0,0,0,0,0
2016-10-12,Wed,640,1,1,0,0
2016-10-13,Thu,0,0,0,0,0
2016-10-14,Fri,0,0,0,0,0
2016-10-15,Sat,0,0,0,0,0
2016-10-16,Sun,0,0,0,0,0
2016-10-17,Mon,510,1,1,0,0
2016-10-18,Tue,935,1,1,0,0
2016-10-19,Wed,1464,1,1,0,0
2016-10-20,Thu,0,0,0,0,0
2016-10-21,Fri,0,0,0,0,0
2016-10-22,Sat,0,0,0,0,0
2016-10-23,Sun,0,0,0,0,0
2016-10-24,Mon,0,0,0,0,0
2016-10-25,Tue,839,1,1,0,0
2016-10-26,Wed,0,0,0,0,0
2016-10-27,Thu,0,0,0,0,0
2016-10-28,Fri,0,0,0,0,0
2016-10-29,Sat,0,0,0,0,0
2016-10-30,Sun,0,0,0,0,0
2016-10-31,Mon,0,0,0,0,0
2016-11-01,Tue,692,1,1,0,0
2016-11-02,Wed,1007,1,1,0,0
2016-11-03,Thu,0,0,0,0,0
2016-11-04,Fri,0,0,0,0,0
2016-11-05,Sat,0,0,0,0,0
2016-11-06,Sun,0,0,0,0,0
2016-11-07,Mon,0,0,0,0,0
2016-11-08,Tue,855,1,0,0,0
2016-11-09,Wed,0,0,0,0,0
2016-11-10,Thu,0,0,0,0,0
2016-11-11,Fri,0,0,0,0,0
2016-11-12,Sat,0,0,0,0,0
2016-11-13,Sun,0,0,0,0,0
2016-11-14,Mon,0,0,0,0,0
2016-11-15,Tue,570,1,1,0,0
2016-11-16,Wed,532,1,0,0,0
2016-11-17,Thu,0,0,0,0,0
2016-11-18,Fri,0,0,0,0,0
2016-11-19,Sat,0,0,0,0,0
2016-11-20,Sun,0,0,0,0,0
2016-11-21,Mon,0,0,0,0,0
2016-11-22,Tue,0,0,0,0,0
2016-11-23,Wed,0,0,0,0,0
2016-11-24,Thu,0,0,0,0,0
2016-11-25,Fri,0,0,0,0,0
2016-11-26,Sat,0,0,0,0,0
2016-11-27,Sun,0,0,0,0,0
2016-11-28,Mon,0,0,0,0,0
2016-11-29,Tue,0,0,0,0,0
2016-11-30,Wed,803,1,1,0,0
2016-12-01,Thu,0,0,0,0,0
2016-12-02,Fri,0,0,0,0,0
2016-12-03,Sat,0,0,0,0,0
2016-12-04,Sun,0,0,0,0,0
2016-12-05,Mon,0,0,0,0,0
2016-12-06,Tue,757,1,1,0,0
2016-12-07,Wed,1017,1,1,0,0
2016-12-08,Thu,977,1,0,0,0
2016-12-09,Fri,0,0,0,0,0
2016-12-10,Sat,0,0,0,0,0
2016-12-11,Sun,0,0,0,0,0
2016-12-12,Mon,0,0,0,0,0
2016-12-13,Tue,0,0,0,0,0
2016-12-14,Wed,501,1,1,0,0
2016-12-15,Thu,1724,1,0,0,0
2016-12-16,Fri,0,0,0,0,0
2016-12-17,Sat,0,0,0,0,0
2016-12-18,Sun,0,0,0,0,0
2016-12-19,Mon,0,0,0,0,0
2016-12-20,Tue,859,1,1,0,0
2016-12-21,Wed,845,1,1,0,0
2016-12-22,Thu,1389,1,1,0,0
2016-12-23,Fri,0,0,0,0,0
2016-12-24,Sat,0,0,0,0,0
2016-12-25,Sun,0,0,0,0,0
2016-12-26,Mon,523,1,1,0,0
2016-12-27,Tue,0,0,0,0,0
2016-12-28,Wed,627,1,1,0,0
2016-12-29,Thu,0,0,0,0,0
2016-12-30,Fri,0,0,0,0,0
2016-12-31,Sat,0,0,0,0,0
2017-01-01,Sun,0,0,0,0,0
2017-01-02,Mon,382,1,0,0,0
2017-01-03,Tue,631,1,0,0,0
2017-01-04,Wed,693,1,0,0,0
2017-01-05,Thu,0,0,0,0,0
2017-01-06,Fri,0,0,0,0,0
2017-01-07,Sat,0,0,0,0,0
2017-01-08,Sun,0,0,0,0,0
2017-01-09,Mon,311,1,0,0,0
2017-01-10,Tue,516,1,0,0,0
2017-01-11,Wed,0,0,0,0,0
2017-01-12,Thu,0,0,0,0,0
2017-01-13,Fri,0,0,0,0,0
2017-01-14,Sat,0,0,0,0,0
2017-01-15,Sun,0,0,0,0,0
2017-01-16,Mon,460,1,1,0,0
2017-01-17,Tue,510,1,0,0,0
2017-01-18,Wed,0,0,0,0,0
2017-01-19,Thu,781,0,0,0,0
2017-01-20,Fri,0,0,0,0,0
2017-01-21,Sat,0,0,0,0,0
2017-01-22,Sun,0,0,0,0,0
2017-01-23,Mon,478,1,0,0,0
2017-01-24,Tue,570,1,0,0,0
2017-01-25,Wed,0,0,0,0,0
2017-01-26,Thu,0,0,0,0,0
2017-01-27,Fri,0,0,0,0,0
2017-01-28,Sat,0,0,0,0,0
2017-01-29,Sun,0,0,0,0,0
2017-01-30,Mon,421,1,0,0,0
2017-01-31,Tue,778,1,1,0,0
2017-02-01,Wed,0,0,0,0,0
2017-02-02,Thu,0,0,0,0,0
2017-02-03,Fri,0,0,0,0,0
2017-02-04,Sat,0,0,0,0,0
2017-02-05,Sun,0,0,0,0,0
2017-02-06,Mon,390,1,0,0,0
2017-02-07,Tue,498,1,1,0,0
2017-02-08,Wed,0,0,0,0,0
2017-02-09,Thu,0,0,0,0,0
2017-02-10,Fri,0,0,0,0,0
2017-02-11,Sat,0,0,0,0,0
2017-02-12,Sun,15,0,0,0,0
2017-02-13,Mon,307,1,1,0,0
2017-02-14,Tue,561,1,0,0,0
2017-02-15,Wed,0,0,0,0,0
2017-02-16,Thu,0,0,0,0,0
2017-02-17,Fri,0,0,0,0,0
2017-02-18,Sat,0,0,0,0,0
2017-02-19,Sun,0,0,0,0,0
2017-02-20,Mon,401,1,1,0,0
2017-02-21,Tue,352,1,0,0,0
2017-02-22,Wed,0,0,0,0,0
2017-02-23,Thu,0,0,0,0,0
2017-02-24,Fri,0,0,0,0,0
2017-02-25,Sat,0,0,0,0,0
2017-02-26,Sun,0,0,0,0,0
2017-02-27,Mon,313,1,0,0,0
2017-02-28,Tue,513,1,0,0,0
2017-03-01,Wed,496,1,1,0,0
2017-03-02,Thu,0,0,0,0,0
2017-03-03,Fri,0,0,0,0,0
2017-03-04,Sat,0,0,0,0,0
2017-03-05,Sun,0,0,0,0,0
2017-03-06,Mon,417,1,0,0,0
2017-03-07,Tue,456,1,0,0,0
2017-03-08,Wed,1206,1,1,0,0
2017-03-09,Thu,0,0,0,0,0
2017-03-10,Fri,0,0,0,0,0
2017-03-11,Sat,0,0,0,0,0
2017-03-12,Sun,0,0,0,0,0
2017-03-13,Mon,321,1,0,0,0
2017-03-14,Tue,935,1,1,0,0
2017-03-15,Wed,881,1,1,0,0
2017-03-16,Thu,0,0,0,0,0
2017-03-17,Fri,0,0,0,0,0
2017-03-18,Sat,0,0,0,0,0
2017-03-19,Sun,0,0,0,0,0
2017-03-20,Mon,466,1,1,0,0
2017-03-21,Tue,535,1,1,0,0
2017-03-22,Wed,570,0,1,0,0
2017-03-23,Thu,0,0,0,0,0
2017-03-24,Fri,0,0,0,0,0
2017-03-25,Sat,0,0,0,0,0
2017-03-26,Sun,0,0,0,0,0
2017-03-27,Mon,564,1,0,0,0
2017-03-28,Tue,408,1,1,0,0
2017-03-29,Wed,685,1,1,0,0
2017-03-30,Thu,0,0,0,0,0
2017-03-31,Fri,0,0,0,0,0
2017-04-01,Sat,0,0,0,0,0
2017-04-02,Sun,0,0,0,0,0
2017-04-03,Mon,624,1,0,0,0
2017-04-04,Tue,432,1,0,0,0
2017-04-05,Wed,407,1,0,0,0
2017-04-06,Thu,0,0,0,0,0
2017-04-07,Fri,0,0,0,0,0
2017-04-08,Sat,0,0,0,0,0
2017-04-09,Sun,0,0,0,0,0
2017-04-10,Mon,441,1,0,0,0
2017-04-11,Tue,384,1,0,0,0
2017-04-12,Wed,558,1,0,0,0
2017-04-13,Thu,0,0,0,0,0
2017-04-14,Fri,0,0,0,0,0
2017-04-15,Sat,0,0,0,0,0
2017-04-16,Sun,0,0,0,0,0
2017-04-17,Mon,293,1,0,0,0
2017-04-18,Tue,477,1,1,0,0
2017-04-19,Wed,647,0,0,0,0
2017-04-20,Thu,0,0,0,0,0
2017-04-21,Fri,0,0,0,0,0
2017-04-22,Sat,0,0,0,0,0
2017-04-23,Sun,0,0,0,0,0
2017-04-24,Mon,531,1,1,0,0
2017-04-25,Tue,963,1,1,0,0
2017-04-26,Wed,548,1,1,0,0
2017-04-27,Thu,0,0,0,0,0
2017-04-28,Fri,0,0,0,0,0
2017-04-29,Sat,0,0,0,0,0
2017-04-30,Sun,0,0,0,0,0
2017-05-01,Mon,574,1,1,0,0
2017-05-02,Tue,855,1,0,0,0
2017-05-03,Wed,0,0,0,0,0
2017-05-04,Thu,0,0,0,0,0
2017-05-05,Fri,0,0,0,0,0
2017-05-06,Sat,0,0,0,0,0
2017-05-07,Sun,0,0,0,0,0
2017-05-08,Mon,0,0,0,0,0
2017-05-09,Tue,752,1,1,0,0
2017-05-10,Wed,701,1,1,0,0
2017-05-11,Thu,0,0,0,0,0
2017-05-12,Fri,0,0,0,0,0
2017-05-13,Sat,0,0,0,0,0
2017-05-14,Sun,0,0,0,0,0
2017-05-15,Mon,405,1,0,0,0
2017-05-16,Tue,995,1,1,0,0
2017-05-17,Wed,747,1,1,0,0
2017-05-18,Thu,0,0,0,0,0
2017-05-19,Fri,0,0,0,0,0
2017-05-20,Sat,0,0,0,0,0
2017-05-21,Sun,0,0,0,0,0
2017-05-22,Mon,0,0,0,0,0
2017-05-23,Tue,0,0,0,0,0
2017-05-24,Wed,0,0,0,0,0
2017-05-25,Thu,0,0,0,0,0
2017-05-26,Fri,0,0,0,0,0
2017-05-27,Sat,0,0,0,0,0
2017-05-28,Sun,0,0,0,0,0
2017-05-29,Mon,460,1,0,0,0
2017-05-30,Tue,0,0,0,0,0
2017-05-31,Wed,1116,1,1,0,0
2017-06-01,Thu,0,0,0,0,0
2017-06-02,Fri,0,0,0,0,0
2017-06-03,Sat,1,0,0,0,0
2017-06-04,Sun,0,0,0,0,0
2017-06-05,Mon,0,0,0,0,0
2017-06-06,Tue,0,0,0,0,0
2017-06-07,Wed,0,0,0,0,0
2017-06-08,Thu,0,0,0,0,0
2017-06-09,Fri,0,0,0,0,0
2017-06-10,Sat,0,0,0,0,0
2017-06-11,Sun,1590,1,1,0,0
2017-06-12,Mon,542,1,0,0,0
2017-06-13,Tue,0,0,0,0,0
2017-06-14,Wed,0,0,0,0,0
2017-06-15,Thu,0,0,0,0,0
2017-06-16,Fri,0,0,0,0,0
2017-06-17,Sat,0,0,0,0,0
2017-06-18,Sun,2779,1,1,0,0
2017-06-19,Mon,0,0,0,0,0
2017-06-20,Tue,609,1,1,0,0
2017-06-21,Wed,833,1,0,0,0
2017-06-22,Thu,0,0,0,0,0
2017-06-23,Fri,0,0,0,0,0
2017-06-24,Sat,0,0,0,0,0
2017-06-25,Sun,0,0,0,0,0
2017-06-26,Mon,0,0,0,0,0
2017-06-27,Tue,600,1,1,0,0
2017-06-28,Wed,0,0,0,0,0
2017-06-29,Thu,0,0,0,0,0
2017-06-30,Fri,0,0,0,0,0
2017-07-01,Sat,0,0,0,0,0
2017-07-02,Sun,0,0,0,0,0
2017-07-03,Mon,0,0,0,0,0
2017-07-04,Tue,0,0,0,0,0
2017-07-05,Wed,551,1,1,0,0
2017-07-06,Thu,0,0,0,0,0
2017-07-07,Fri,0,0,0,0,0
2017-07-08,Sat,0,0,0,0,0
2017-07-09,Sun,0,0,0,0,0
2017-07-10,Mon,0,0,0,0,0
2017-07-11,Tue,532,1,1,0,0
2017-07-12,Wed,792,1,1,0,0
2017-07-13,Thu,0,0,0,0,0
2017-07-14,Fri,0,0,0,0,0
2017-07-15,Sat,0,0,0,0,0
2017-07-16,Sun,0,0,0,0,0
2017-07-17,Mon,248,1,0,0,0
2017-07-18,Tue,0,0,0,0,0
2017-07-19,Wed,0,0,0,0,0
2017-07-20,Thu,806,1,1,0,0
2017-07-21,Fri,0,0,0,0,0
2017-07-22,Sat,0,0,0,0,0
2017-07-23,Sun,0,0,0,0,0
2017-07-24,Mon,281,1,1,0,0
2017-07-25,Tue,649,1,0,0,0
2017-07-26,Wed,0,0,0,0,0
2017-07-27,Thu,0,0,0,0,0
2017-07-28,Fri,0,0,0,0,0
2017-07-29,Sat,0,0,0,0,0
2017-07-30,Sun,0,0,0,0,0
2017-07-31,Mon,0,0,0,0,0
2017-08-01,Tue,466,1,0,0,0
2017-08-02,Wed,0,0,0,0,0
2017-08-03,Thu,0,0,0,0,0
2017-08-04,Fri,0,0,0,0,0
2017-08-05,Sat,0,1,1,0,0
2017-08-06,Sun,0,0,0,0,0
2017-08-07,Mon,0,0,0,0,0
2017-08-08,Tue,375,1,0,0,0
2017-08-09,Wed,0,0,0,0,0
2017-08-10,Thu,0,0,0,0,0
2017-08-11,Fri,0,0,0,0,0
2017-08-12,Sat,0,0,0,0,0
2017-08-13,Sun,0,0,0,0,0
2017-08-14,Mon,526,1,0,0,0
2017-08-15,Tue,0,0,0,0,0
2017-08-16,Wed,0,0,0,0,0
2017-08-17,Thu,0,0,0,0,0
2017-08-18,Fri,0,0,0,0,0
2017-08-19,Sat,0,0,0,0,0
2017-08-20,Sun,0,0,0,0,0
2017-08-21,Mon,0,0,0,0,0
2017-08-22,Tue,0,0,0,0,0
2017-08-23,Wed,0,0,0,0,0
2017-08-24,Thu,0,0,0,0,0
2017-08-25,Fri,0,0,0,0,0
2017-08-26,Sat,0,0,0,0,0
2017-08-27,Sun,0,0,0,0,0
2017-08-28,Mon,0,0,0,0,0
2017-08-29,Tue,0,0,0,0,0
2017-08-30,Wed,755,1,1,0,0
2017-08-31,Thu,0,0,0,0,0
2017-09-01,Fri,0,0,0,0,0
2017-09-02,Sat,0,0,0,0,0
2017-09-03,Sun,0,0,0,0,0
2017-09-04,Mon,0,0,0,0,0
2017-09-05,Tue,0,0,0,0,0
2017-09-06,Wed,0,0,0,0,0
2017-09-07,Thu,0,0,0,0,0
2017-09-08,Fri,0,0,0,0,0
2017-09-09,Sat,0,0,0,0,0
2017-09-10,Sun,0,0,0,0,0
2017-09-11,Mon,0,0,0,0,0
2017-09-12,Tue,0,0,0,0,0
2017-09-13,Wed,776,1,1,1,0
2017-09-14,Thu,0,0,0,0,0
2017-09-15,Fri,0,0,0,0,0
2017-09-16,Sat,0,0,0,0,0
2017-09-17,Sun,0,0,0,0,0
2017-09-18,Mon,234,1,0,0,0
2017-09-19,Tue,0,0,0,0,0
2017-09-20,Wed,0,0,0,0,0
2017-09-21,Thu,0,0,0,0,0
2017-09-22,Fri,0,0,0,0,0
2017-09-23,Sat,0,0,0,0,0
2017-09-24,Sun,0,0,0,0,0
2017-09-25,Mon,0,0,0,0,0
2017-09-26,Tue,668,1,1,0,0
2017-09-27,Wed,860,1,1,0,0
2017-09-28,Thu,0,0,0,0,0
2017-09-29,Fri,0,0,0,0,0
2017-09-30,Sat,0,0,0,0,0
2017-10-01,Sun,0,0,0,0,0
2017-10-02,Mon,352,1,0,0,0
2017-10-03,Tue,517,1,1,0,0
2017-10-04,Wed,0,0,0,0,0
2017-10-05,Thu,0,0,0,0,0
2017-10-06,Fri,0,0,0,0,0
2017-10-07,Sat,0,0,0,0,0
2017-10-08,Sun,0,0,0,0,0
2017-10-09,Mon,414,1,0,0,0
2017-10-10,Tue,334,1,1,0,0
2017-10-11,Wed,0,0,0,0,0
2017-10-12,Thu,0,0,0,0,0
2017-10-13,Fri,0,0,0,0,0
2017-10-14,Sat,0,0,0,0,0
2017-10-15,Sun,0,0,0,0,0
2017-10-16,Mon,292,1,0,0,0
2017-10-17,Tue,615,1,1,0,0
2017-10-18,Wed,806,1,1,0,0
2017-10-19,Thu,0,0,0,0,0
2017-10-20,Fri,0,0,0,0,0
2017-10-21,Sat,0,0,0,0,0
2017-10-22,Sun,0,0,0,0,0
2017-10-23,Mon,285,1,0,0,0
2017-10-24,Tue,605,1,1,0,0
2017-10-25,Wed,0,0,0,0,0
2017-10-26,Thu,0,0,0,0,0
2017-10-27,Fri,0,0,0,0,0
2017-10-28,Sat,0,0,0,0,0
2017-10-29,Sun,0,0,0,0,0
2017-10-30,Mon,0,0,0,0,0
2017-10-31,Tue,0,0,0,0,0
2017-11-01,Wed,0,0,0,0,0
2017-11-02,Thu,0,0,0,0,0
2017-11-03,Fri,0,0,0,0,0
2017-11-04,Sat,0,0,0,0,0
2017-11-05,Sun,0,0,0,0,0
2017-11-06,Mon,353,1,0,0,0
2017-11-07,Tue,655,1,0,0,0
2017-11-08,Wed,660,1,0,0,0
2017-11-09,Thu,0,0,0,0,0
2017-11-10,Fri,0,0,0,0,0
2017-11-11,Sat,0,0,0,0,0
2017-11-12,Sun,0,0,0,0,0
2017-11-13,Mon,463,1,0,0,0
2017-11-14,Tue,439,1,0,0,0
2017-11-15,Wed,625,1,0,0,0
2017-11-16,Thu,0,0,0,0,0
2017-11-17,Fri,0,0,0,0,0
2017-11-18,Sat,0,0,0,0,0
2017-11-19,Sun,0,0,0,0,0
2017-11-20,Mon,457,1,0,0,0
2017-11-21,Tue,572,1,1,0,0
2017-11-22,Wed,707,1,1,0,0
2017-11-23,Thu,0,0,0,0,0
2017-11-24,Fri,0,0,0,0,0
2017-11-25,Sat,0,0,0,0,0
2017-11-26,Sun,1072,1,1,0,0
2017-11-27,Mon,573,1,1,0,0
2017-11-28,Tue,771,1,0,0,1
2017-11-29,Wed,1609,1,0,0,1
2017-11-30,Thu,1683,1,1,0,0
2017-12-01,Fri,1955,1,1,0,0
2017-12-02,Sat,155,0,0,0,0
2017-12-03,Sun,3383,1,1,0,0
2017-12-04,Mon,273,1,0,0,1
2017-12-05,Tue,587,1,0,0,1
2017-12-06,Wed,918,1,0,0,1
2017-12-07,Thu,1080,1,0,0,1
2017-12-08,Fri,1139,1,0,0,1
2017-12-09,Sat,4909,1,1,0,0
2017-12-10,Sun,3208,1,1,0,0
2017-12-11,Mon,625,1,0,0,1
2017-12-12,Tue,1320,1,0,0,1
2017-12-13,Wed,1604,1,1,0,0
2017-12-14,Thu,1587,1,1,0,0
2017-12-15,Fri,1643,1,1,0,0
2017-12-16,Sat,1386,0,1,0,0
2017-12-17,Sun,4179,1,0,0,0
2017-12-18,Mon,552,1,0,0,1
2017-12-19,Tue,974,1,0,0,1
2017-12-20,Wed,1291,1,0,0,1
2017-12-21,Thu,1686,1,0,0,1
2017-12-22,Fri,2039,1,0,0,1
2017-12-23,Sat,3158,1,1,0,0
2017-12-24,Sun,7027,1,1,0,0
2017-12-25,Mon,477,1,0,0,1
2017-12-26,Tue,546,1,0,0,1
2017-12-27,Wed,1957,1,0,0,1
2017-12-28,Thu,2499,1,0,0,1
2017-12-29,Fri,2017,1,0,0,1
2017-12-30,Sat,2133,1,1,0,0
2017-12-31,Sun,2693,1,1,0,0
2018-01-01,Mon,1153,1,1,0,0
2018-01-02,Tue,667,1,0,0,1
2018-01-03,Wed,1025,1,0,0,1
2018-01-04,Thu,1981,1,0,0,1
2018-01-05,Fri,2472,1,0,0,1
2018-01-06,Sat,2508,1,0,0,0
2018-01-07,Sun,3182,1,0,0,0
2018-01-08,Mon,694,1,0,0,1
2018-01-09,Tue,967,1,0,0,1
2018-01-10,Wed,1356,1,0,0,1
2018-01-11,Thu,1368,1,0,0,1
2018-01-12,Fri,1264,1,0,0,1
2018-01-13,Sat,2842,1,1,0,0
2018-01-14,Sun,2936,1,0,0,1
2018-01-15,Mon,982,1,1,0,0
2018-01-16,Tue,721,1,0,0,1
2018-01-17,Wed,1015,1,0,0,1
2018-01-18,Thu,1696,1,1,0,0
2018-01-19,Fri,3340,1,1,0,0
2018-01-20,Sat,3460,1,1,0,0
2018-01-21,Sun,2790,1,1,0,0
2018-01-22,Mon,462,1,0,0,1
2018-01-23,Tue,935,1,1,0,0
2018-01-24,Wed,1089,1,0,0,1
2018-01-25,Thu,1972,1,1,0,0
2018-01-26,Fri,1060,1,0,0,1
2018-01-27,Sat,2143,1,1,0,0
2018-01-28,Sun,1885,1,1,0,0
2018-01-29,Mon,590,1,0,0,1
2018-01-30,Tue,1239,1,1,0,0
2018-01-31,Wed,1513,1,1,0,0
2018-02-01,Thu,1166,1,1,0,0
2018-02-02,Fri,2917,1,1,0,0
2018-02-03,Sat,2191,1,1,0,0
2018-02-04,Sun,2212,1,1,0,0
2018-02-05,Mon,446,1,0,0,1
2018-02-06,Tue,674,1,0,0,1
2018-02-07,Wed,1389,1,0,0,1
2018-02-08,Thu,2022,1,0,0,1
2018-02-09,Fri,3017,1,1,0,0
2018-02-10,Sat,1511,1,1,0,0
2018-02-11,Sun,5203,1,1,0,0
2018-02-12,Mon,722,1,0,0,1
2018-02-13,Tue,1105,1,0,0,1
2018-02-14,Wed,2308,1,1,0,0
2018-02-15,Thu,2286,1,1,0,0
2018-02-16,Fri,3069,1,1,0,0
2018-02-17,Sat,2460,1,1,0,0
2018-02-18,Sun,3954,1,0,0,1
2018-02-19,Mon,622,1,0,0,1
2018-02-20,Tue,1434,1,0,0,1
2018-02-21,Wed,620,1,0,0,1
2018-02-22,Thu,1331,1,0,0,1
2018-02-23,Fri,1349,1,0,0,1
2018-02-24,Sat,2126,1,0,0,1
2018-02-25,Sun,3623,1,0,0,1
2018-02-26,Mon,527,1,0,0,1
2018-02-27,Tue,707,1,0,0,1
2018-02-28,Wed,2443,1,0,0,1
2018-03-01,Thu,893,1,0,0,1
2018-03-02,Fri,4631,1,1,0,0
2018-03-03,Sat,1168,1,1,0,0
2018-03-04,Sun,2979,1,1,0,0
2018-03-05,Mon,632,1,0,0,1
2018-03-06,Tue,613,1,0,0,1
2018-03-07,Wed,969,1,0,0,1
2018-03-08,Thu,849,1,0,0,1
2018-03-09,Fri,2315,1,1,0,0
2018-03-10,Sat,2679,1,1,0,0
2018-03-11,Sun,6738,1,1,0,0
2018-03-12,Mon,820,1,1,0,0
2018-03-13,Tue,563,1,0,0,1
2018-03-14,Wed,733,1,1,0,0
2018-03-15,Thu,1399,1,1,0,0
2018-03-16,Fri,1896,1,1,0,0
2018-03-17,Sat,1968,1,1,0,0
2018-03-18,Sun,4523,1,1,0,0
2018-03-19,Mon,460,1,0,0,1
2018-03-20,Tue,692,1,1,0,0
2018-03-21,Wed,739,1,1,0,0
2018-03-22,Thu,1442,1,0,0,1
2018-03-23,Fri,1878,1,1,0,0
2018-03-24,Sat,3105,1,1,0,0
2018-03-25,Sun,3112,1,1,0,0
2018-03-26,Mon,481,1,0,0,1
2018-03-27,Tue,756,1,0,0,1
2018-03-28,Wed,1022,1,1,0,0
2018-03-29,Thu,1480,1,1,0,0
2018-03-30,Fri,1189,1,1,0,0
2018-03-31,Sat,3309,1,1,0,0
2018-04-01,Sun,3868,1,1,0,0
2018-04-02,Mon,372,1,1,0,0
2018-04-03,Tue,752,1,1,0,0
2018-04-04,Wed,974,1,1,0,0
2018-04-05,Thu,1352,1,1,0,0
2018-04-06,Fri,2434,1,1,0,0
2018-04-07,Sat,2142,1,1,0,0
2018-04-08,Sun,4004,1,1,0,0
2018-04-09,Mon,370,1,0,0,1
2018-04-10,Tue,837,1,0,0,1
2018-04-11,Wed,1421,1,1,0,0
2018-04-12,Thu,2768,1,1,0,0
2018-04-13,Fri,1406,1,1,0,0
2018-04-14,Sat,880,1,1,0,0
2018-04-15,Sun,2637,1,1,0,0
2018-04-16,Mon,632,1,1,0,0
2018-04-17,Tue,716,1,1,0,0
2018-04-18,Wed,2008,1,1,0,0
2018-04-19,Thu,1535,1,1,0,0
2018-04-20,Fri,1240,1,1,0,0
2018-04-21,Sat,2729,1,1,0,0
2018-04-22,Sun,3592,1,1,0,0
2018-04-23,Mon,577,1,0,0,1
2018-04-24,Tue,971,1,0,0,1
2018-04-25,Wed,1415,1,1,0,0
2018-04-26,Thu,1634,1,1,0,0
2018-04-27,Fri,2287,1,1,0,0
2018-04-28,Sat,2111,1,1,0,0
2018-04-29,Sun,4123,1,1,0,0
2018-04-30,Mon,641,1,0,0,1
2018-05-01,Tue,882,1,0,0,1
2018-05-02,Wed,1053,1,0,0,1
2018-05-03,Thu,2718,1,1,0,0
2018-05-04,Fri,1211,1,0,0,0
2018-05-05,Sat,2650,1,1,0,0
2018-05-06,Sun,2436,1,1,0,0
2018-05-07,Mon,438,1,0,0,1
2018-05-08,Tue,448,1,0,0,1
2018-05-09,Wed,1615,1,0,0,1
2018-05-10,Thu,996,1,1,0,0
2018-05-11,Fri,1368,1,1,0,0
2018-05-12,Sat,1590,1,1,0,0
2018-05-13,Sun,1974,1,1,0,0
2018-05-14,Mon,332,1,1,0,0
2018-05-15,Tue,1226,1,1,0,0
2018-05-16,Wed,1495,1,1,0,0
2018-05-17,Thu,1883,1,1,0,0
2018-05-18,Fri,2236,1,1,0,0
2018-05-19,Sat,2100,1,1,0,0
2018-05-20,Sun,2762,1,1,0,0
2018-05-21,Mon,597,1,0,0,1
2018-05-22,Tue,1421,1,1,0,0
2018-05-23,Wed,1193,1,0,0,1
2018-05-24,Thu,1477,1,1,0,0
2018-05-25,Fri,1645,1,0,0,0
2018-05-26,Sat,1744,1,1,0,0
2018-05-27,Sun,2765,1,1,0,0
2018-05-28,Mon,1258,1,1,0,0
2018-05-29,Tue,604,1,0,0,1
2018-05-30,Wed,1219,1,1,0,0
2018-05-31,Thu,2697,1,1,0,0
2018-06-01,Fri,1492,1,1,0,0
2018-06-02,Sat,4002,1,1,0,0
2018-06-03,Sun,3520,1,1,0,0
2018-06-04,Mon,425,1,0,0,1
2018-06-05,Tue,1140,1,1,0,0
2018-06-06,Wed,1827,1,1,0,0
2018-06-07,Thu,2357,1,1,0,0
2018-06-08,Fri,2083,1,1,0,0
2018-06-09,Sat,1335,1,1,0,0
2018-06-10,Sun,4717,1,1,0,0
2018-06-11,Mon,349,1,0,0,1
2018-06-12,Tue,907,1,0,0,1
2018-06-13,Wed,990,1,1,0,0
2018-06-14,Thu,1674,1,0,0,1
2018-06-15,Fri,1767,1,1,0,0
2018-06-16,Sat,1895,1,0,0,1
2018-06-17,Sun,2898,1,1,0,0
2018-06-18,Mon,329,1,0,0,1
2018-06-19,Tue,599,1,0,0,1
2018-06-20,Wed,1417,1,1,0,0
2018-06-21,Thu,1899,1,1,0,0
2018-06-22,Fri,1999,1,0,0,1
2018-06-23,Sat,2274,1,0,0,1
2018-06-24,Sun,3867,1,1,0,0
2018-06-25,Mon,484,1,0,0,1
2018-06-26,Tue,619,1,0,0,1
2018-06-27,Wed,1839,1,0,0,1
2018-06-28,Thu,2155,1,1,0,0
2018-06-29,Fri,2740,1,1,0,0
2018-06-30,Sat,1123,1,1,0,0
2018-07-01,Sun,2022,1,1,0,0
2018-07-02,Mon,310,1,0,0,1
2018-07-03,Tue,481,1,1,0,0
2018-07-04,Wed,876,1,1,0,0
2018-07-05,Thu,2876,1,1,0,0
2018-07-06,Fri,1737,1,1,0,0
2018-07-07,Sat,3148,1,0,0,1
2018-07-08,Sun,3355,1,1,0,0
2018-07-09,Mon,549,1,1,0,0
2018-07-10,Tue,611,1,0,0,1
2018-07-11,Wed,774,1,1,0,0
2018-07-12,Thu,2463,1,1,0,0
2018-07-13,Fri,1460,1,1,0,0
2018-07-14,Sat,2531,1,1,0,0
2018-07-15,Sun,4186,1,1,0,0
2018-07-16,Mon,297,1,0,0,1
2018-07-17,Tue,619,1,0,0,1
2018-07-18,Wed,2133,1,1,0,0
2018-07-19,Thu,2107,1,1,0,0
2018-07-20,Fri,3139,1,1,0,0
2018-07-21,Sat,3092,1,1,0,0
2018-07-22,Sun,2340,1,1,0,0
2018-07-23,Mon,333,1,0,0,1
2018-07-24,Tue,1034,1,1,0,0
2018-07-25,Wed,1059,1,0,0,1
2018-07-26,Thu,1342,1,0,0,1
2018-07-27,Fri,2368,1,1,0,0
2018-07-28,Sat,2318,1,1,0,0
2018-07-29,Sun,4118,1,1,0,0
2018-07-30,Mon,321,1,0,0,1
2018-07-31,Tue,676,1,0,0,1
2018-08-01,Wed,1073,1,1,0,0
2018-08-02,Thu,1218,1,1,0,0
2018-08-03,Fri,3179,1,1,0,0
2018-08-04,Sat,1865,1,1,0,0
2018-08-05,Sun,2667,1,1,0,0
2018-08-06,Mon,643,1,1,0,0
2018-08-07,Tue,638,1,0,0,1
2018-08-08,Wed,408,1,0,0,1
2018-08-09,Thu,1881,1,0,0,1
2018-08-10,Fri,2611,1,1,0,0
2018-08-11,Sat,1925,1,1,0,0
2018-08-12,Sun,1882,1,0,0,1
2018-08-13,Mon,406,1,0,0,1
2018-08-14,Tue,345,1,0,0,1
2018-08-15,Wed,991,1,0,0,1
2018-08-16,Thu,1734,1,1,0,0
2018-08-17,Fri,1940,1,1,0,0
2018-08-18,Sat,1393,1,0,0,1
2018-08-19,Sun,3271,1,1,0,0
2018-08-20,Mon,366,1,0,0,1
2018-08-21,Tue,549,1,0,0,0
2018-08-22,Wed,2600,1,1,0,0
2018-08-23,Thu,2944,1,1,0,0
2018-08-24,Fri,2078,1,1,0,0
2018-08-25,Sat,2474,1,1,0,0
2018-08-26,Sun,2032,1,0,0,0
2018-08-27,Mon,1117,1,1,0,0
2018-08-28,Tue,859,1,0,0,1
2018-08-29,Wed,1417,1,0,0,1
2018-08-30,Thu,1638,1,0,0,1
2018-08-31,Fri,2652,1,1,0,0
2018-09-01,Sat,2096,1,1,0,0
2018-09-02,Sun,1795,1,1,0,0
2018-09-03,Mon,547,1,0,0,1
2018-09-04,Tue,498,1,0,0,1
2018-09-05,Wed,779,1,0,0,1
2018-09-06,Thu,1312,1,0,0,1
2018-09-07,Fri,2033,1,1,0,0
2018-09-08,Sat,1974,1,1,0,0
2018-09-09,Sun,3448,1,1,0,0
2018-09-10,Mon,397,1,0,0,1
2018-09-11,Tue,521,1,0,0,1
2018-09-12,Wed,1930,1,1,0,0
2018-09-13,Thu,1529,1,1,0,0
2018-09-14,Fri,1310,1,1,0,0
2018-09-15,Sat,1559,1,0,0,1
2018-09-16,Sun,3908,1,0,0,1
2018-09-17,Mon,420,1,0,0,1
2018-09-18,Tue,947,1,1,0,0
2018-09-19,Wed,522,1,0,0,1
2018-09-20,Thu,2795,1,1,0,0
2018-09-21,Fri,2263,1,1,0,0
2018-09-22,Sat,2093,1,1,0,0
2018-09-23,Sun,4130,1,1,0,0
2018-09-24,Mon,726,1,1,0,0
2018-09-25,Tue,646,1,1,0,0
2018-09-26,Wed,939,1,1,0,0
2018-09-27,Thu,1494,1,0,0,1
2018-09-28,Fri,1802,1,1,0,0
2018-09-29,Sat,2398,1,1,0,0
2018-09-30,Sun,3717,1,1,0,0
2018-10-01,Mon,648,1,0,0,1
2018-10-02,Tue,1450,1,1,0,0
2018-10-03,Wed,1066,1,1,0,0
2018-10-04,Thu,1929,1,1,0,0
2018-10-05,Fri,2160,1,0,0,1
2018-10-06,Sat,1493,1,1,0,0
2018-10-07,Sun,2159,1,1,0,0
2018-10-08,Mon,400,1,0,0,1
2018-10-09,Tue,950,1,1,0,0
2018-10-10,Wed,1818,1,0,0,1
2018-10-11,Thu,1637,1,1,0,0
2018-10-12,Fri,1479,1,1,0,0
2018-10-13,Sat,2184,1,1,0,0
2018-10-14,Sun,6946,1,1,0,0
2018-10-15,Mon,440,1,0,0,1
2018-10-16,Tue,649,1,0,0,1
2018-10-17,Wed,809,1,0,0,1
2018-10-18,Thu,2750,1,1,0,0
2018-10-19,Fri,1758,1,1,0,0
2018-10-20,Sat,2037,1,0,0,0
2018-10-21,Sun,2567,1,1,0,0
2018-10-22,Mon,346,1,0,0,1
2018-10-23,Tue,1356,1,1,0,0
2018-10-24,Wed,1215,1,1,0,0
2018-10-25,Thu,2006,1,1,0,0
2018-10-26,Fri,2849,1,1,0,0
2018-10-27,Sat,2759,1,1,0,0
2018-10-28,Sun,2453,1,1,0,0
2018-10-29,Mon,484,1,0,0,1
2018-10-30,Tue,882,1,1,0,0
2018-10-31,Wed,1016,1,1,0,0
2018-11-01,Thu,1950,1,1,0,0
2018-11-02,Fri,2061,1,1,0,0
2018-11-03,Sat,2068,1,1,0,0
2018-11-04,Sun,4546,1,1,0,0
2018-11-05,Mon,403,1,0,0,1
2018-11-06,Tue,1413,1,1,0,0
2018-11-07,Wed,1245,1,0,0,1
2018-11-08,Thu,2361,1,1,0,0
2018-11-09,Fri,1339,1,0,0,1
2018-11-10,Sat,2896,1,1,0,0
2018-11-11,Sun,3537,1,1,0,0
2018-11-12,Mon,1262,1,1,0,0
2018-11-13,Tue,1798,1,1,0,0
2018-11-14,Wed,587,1,0,0,1
2018-11-15,Thu,1832,1,1,0,0
2018-11-16,Fri,1469,1,1,0,0
2018-11-17,Sat,1832,1,1,0,0
2018-11-18,Sun,3063,1,1,0,0
2018-11-19,Mon,617,1,0,0,1
2018-11-20,Tue,671,1,0,0,1
2018-11-21,Wed,1654,1,1,0,0
2018-11-22,Thu,2145,1,1,0,0
2018-11-23,Fri,1601,1,1,0,0
2018-11-24,Sat,1473,1,0,0,1
2018-11-25,Sun,3809,1,1,0,0
2018-11-26,Mon,515,1,0,0,1
2018-11-27,Tue,678,1,0,0,1
2018-11-28,Wed,2143,1,1,0,0
2018-11-29,Thu,1482,1,1,0,0
2018-11-30,Fri,2018,1,1,0,0
2018-12-01,Sat,1599,1,1,0,0
2018-12-02,Sun,2884,1,1,0,0
2018-12-03,Mon,556,1,0,0,1
2018-12-04,Tue,538,1,0,0,1
2018-12-05,Wed,941,1,0,0,1
2018-12-06,Thu,942,1,1,0,0
2018-12-07,Fri,1267,1,1,0,0
2018-12-08,Sat,2289,1,1,0,0
2018-12-09,Sun,2012,1,1,0,0
2018-12-10,Mon,495,1,0,0,1
2018-12-11,Tue,513,1,0,0,1
2018-12-12,Wed,1451,1,0,0,1
2018-12-13,Thu,1029,1,0,0,1
2018-12-14,Fri,2333,1,1,0,0
2018-12-15,Sat,1623,1,1,0,0
2018-12-16,Sun,2683,1,1,0,0
2018-12-17,Mon,425,1,0,0,1
2018-12-18,Tue,518,1,0,0,1
2018-12-19,Wed,1906,1,1,0,0
2018-12-20,Thu,1762,1,1,0,0
2018-12-21,Fri,2652,1,1,0,0
2018-12-22,Sat,2140,1,1,0,0
2018-12-23,Sun,4450,1,1,0,0
2018-12-24,Mon,461,1,0,0,1
2018-12-25,Tue,1152,1,1,0,0
2018-12-26,Wed,728,1,1,0,0
2018-12-27,Thu,3054,1,1,0,0
2018-12-28,Fri,1511,1,1,0,0
2018-12-29,Sat,1002,1,1,0,0
2018-12-30,Sun,1239,1,0,0,0
2018-12-31,Mon,331,1,0,0,0
2019-01-01,Tue,496,1,0,0,1
2019-01-02,Wed,1231,1,0,0,1
2019-01-03,Thu,1426,1,0,0,1
2019-01-04,Fri,2894,1,0,0,1
2019-01-05,Sat,2441,1,1,0,0
2019-01-06,Sun,3400,1,1,0,0
2019-01-07,Mon,423,1,0,0,1
2019-01-08,Tue,832,1,1,0,0
2019-01-09,Wed,1582,1,1,0,0
2019-01-10,Thu,1982,1,1,0,0
2019-01-11,Fri,2249,1,1,0,0
2019-01-12,Sat,2057,1,0,0,1
2019-01-13,Sun,2876,1,1,0,0
2019-01-14,Mon,521,1,0,0,1
2019-01-15,Tue,931,1,1,0,0
2019-01-16,Wed,993,1,0,0,1
2019-01-17,Thu,844,1,0,0,1
2019-01-18,Fri,2385,1,1,0,0
2019-01-19,Sat,1345,1,1,0,0
2019-01-20,Sun,3691,1,1,0,0
2019-01-21,Mon,311,1,0,0,1
2019-01-22,Tue,801,1,1,0,0
2019-01-23,Wed,1052,1,0,0,1
2019-01-24,Thu,2485,1,1,0,0
2019-01-25,Fri,2967,1,1,0,0
2019-01-26,Sat,2056,1,1,0,0
2019-01-27,Sun,2828,1,1,0,0
2019-01-28,Mon,358,1,0,0,1
2019-01-29,Tue,658,1,0,0,1
2019-01-30,Wed,748,1,0,0,1
2019-01-31,Thu,1001,1,0,0,1
2019-02-01,Fri,1762,1,1,0,0
2019-02-02,Sat,2532,1,1,0,0
2019-02-03,Sun,2267,1,1,0,0
2019-02-04,Mon,336,1,0,0,1
2019-02-05,Tue,381,1,0,0,1
2019-02-06,Wed,469,1,0,0,1
2019-02-07,Thu,2946,1,1,0,0
2019-02-08,Fri,1634,1,0,0,1
2019-02-09,Sat,1981,1,1,0,0
2019-02-10,Sun,2612,1,1,0,0
2019-02-11,Mon,275,1,0,0,1
2019-02-12,Tue,489,1,0,0,1
2019-02-13,Wed,457,1,0,0,1
2019-02-14,Thu,2381,1,1,0,0
2019-02-15,Fri,1726,1,1,0,0
2019-02-16,Sat,1652,1,1,0,0
2019-02-17,Sun,3099,1,1,0,0
2019-02-18,Mon,378,1,0,0,1
2019-02-19,Tue,841,1,0,0,1
2019-02-20,Wed,471,1,0,0,1
2019-02-21,Thu,1735,1,1,0,0
2019-02-22,Fri,2679,1,1,0,0
2019-02-23,Sat,1375,1,1,0,0
2019-02-24,Sun,2048,1,1,0,0
2019-02-25,Mon,715,1,0,0,1
2019-02-26,Tue,1032,1,1,0,0
2019-02-27,Wed,1099,1,1,0,0
2019-02-28,Thu,2457,1,1,0,0
2019-03-01,Fri,2005,1,1,0,0
2019-03-02,Sat,1821,1,1,0,0
2019-03-03,Sun,2182,1,1,0,0
2019-03-04,Mon,827,1,1,0,0
2019-03-05,Tue,604,1,1,0,0
2019-03-06,Wed,694,1,0,0,1
2019-03-07,Thu,812,1,0,0,1
2019-03-08,Fri,1350,1,0,0,1
2019-03-09,Sat,1003,1,1,0,0
2019-03-10,Sun,2220,1,0,0,0
2019-03-11,Mon,327,1,0,0,1
2019-03-12,Tue,1332,1,0,0,1
2019-03-13,Wed,1060,1,1,0,0
2019-03-14,Thu,2472,1,1,0,0
2019-03-15,Fri,1991,1,1,0,0
2019-03-16,Sat,1309,1,1,0,0
2019-03-17,Sun,3377,1,1,0,0
2019-03-18,Mon,724,1,0,0,1
2019-03-19,Tue,606,1,0,0,1
2019-03-20,Wed,669,1,0,0,1
2019-03-21,Thu,1418,1,0,0,1
2019-03-22,Fri,4641,1,1,0,0
2019-03-23,Sat,1657,1,0,0,1
2019-03-24,Sun,2588,1,1,0,0
2019-03-25,Mon,793,1,0,0,1
2019-03-26,Tue,1006,1,0,0,1
2019-03-27,Wed,937,1,0,0,1
2019-03-28,Thu,1189,1,0,0,1
2019-03-29,Fri,2319,1,1,0,0
2019-03-30,Sat,1857,1,1,0,0
2019-03-31,Sun,4551,1,1,0,0
2019-04-01,Mon,281,1,0,0,1
2019-04-02,Tue,493,1,0,0,1
2019-04-03,Wed,592,1,0,0,1
2019-04-04,Thu,2102,1,0,0,1
2019-04-05,Fri,1448,1,0,0,1
2019-04-06,Sat,2844,1,1,0,0
2019-04-07,Sun,3302,1,1,0,0
2019-04-08,Mon,435,1,0,0,1
2019-04-09,Tue,1003,1,0,0,1
2019-04-10,Wed,1248,1,1,0,0
2019-04-11,Thu,2095,1,0,0,1
2019-04-12,Fri,3007,1,0,0,1
2019-04-13,Sat,1251,1,0,0,1
2019-04-14,Sun,2677,1,0,0,1
2019-04-15,Mon,419,1,0,0,1
2019-04-16,Tue,1148,1,0,0,1
2019-04-17,Wed,389,1,0,0,1
2019-04-18,Thu,2089,1,0,0,1
2019-04-19,Fri,1442,1,0,0,1
2019-04-20,Sat,2600,1,0,0,1
2019-04-21,Sun,4294,1,0,0,1
2019-04-22,Mon,458,1,0,0,1
2019-04-23,Tue,824,1,0,0,1
2019-04-24,Wed,583,1,0,0,1
2019-04-25,Thu,2811,1,1,0,0
2019-04-26,Fri,1608,1,1,0,0
2019-04-27,Sat,1194,1,1,0,0
2019-04-28,Sun,2491,1,1,0,0
2019-04-29,Mon,387,1,0,0,0
2019-04-30,Tue,540,1,0,0,1
2019-05-01,Wed,611,1,0,0,1
2019-05-02,Thu,1825,1,0,0,1
2019-05-03,Fri,2697,1,1,0,0
2019-05-04,Sat,1719,1,1,0,0
2019-05-05,Sun,3427,1,0,0,0
2019-05-06,Mon,324,1,0,0,1
2019-05-07,Tue,1077,1,0,0,0
2019-05-08,Wed,811,1,1,0,0
2019-05-09,Thu,1639,1,1,0,0
2019-05-10,Fri,1740,1,1,0,0
2019-05-11,Sat,2331,1,1,0,0
2019-05-12,Sun,2327,1,1,0,0
2019-05-13,Mon,507,1,0,0,1
2019-05-14,Tue,805,1,0,0,1
2019-05-15,Wed,1032,1,0,0,1
2019-05-16,Thu,2060,1,0,0,1
2019-05-17,Fri,2108,1,1,0,0
2019-05-18,Sat,2252,1,1,0,0
2019-05-19,Sun,3822,1,1,0,0
2019-05-20,Mon,444,1,0,0,1
2019-05-21,Tue,493,1,0,0,1
2019-05-22,Wed,689,1,0,0,1
2019-05-23,Thu,1786,1,1,0,0
2019-05-24,Fri,2004,1,1,0,0
2019-05-25,Sat,1681,1,1,0,0
2019-05-26,Sun,2821,1,1,0,0
2019-05-27,Mon,327,1,0,0,1
2019-05-28,Tue,356,1,0,0,1
2019-05-29,Wed,1121,1,0,0,1
2019-05-30,Thu,1453,1,0,0,1
2019-05-31,Fri,1833,1,0,0,1
2019-06-01,Sat,1212,1,0,0,1
2019-06-02,Sun,3681,1,0,0,1
2019-06-03,Mon,324,1,0,0,1
2019-06-04,Tue,434,1,0,0,1
2019-06-05,Wed,1848,1,0,0,1
2019-06-06,Thu,2398,1,0,0,1
2019-06-07,Fri,2974,1,1,0,0
2019-06-08,Sat,2533,1,1,0,0
2019-06-09,Sun,3212,1,1,0,0
2019-06-10,Mon,439,1,0,0,1
2019-06-11,Tue,397,1,0,0,1
2019-06-12,Wed,1143,1,0,0,1
2019-06-13,Thu,995,1,0,0,1
2019-06-14,Fri,1391,1,0,0,1
2019-06-15,Sat,1003,1,0,0,1
2019-06-16,Sun,3077,1,1,0,0
2019-06-17,Mon,350,1,0,0,1
2019-06-18,Tue,890,1,0,0,1
2019-06-19,Wed,1160,1,0,0,1
2019-06-20,Thu,1299,1,0,0,1
2019-06-21,Fri,882,1,0,0,1
2019-06-22,Sat,1550,1,1,0,0
2019-06-23,Sun,3491,1,1,0,0
2019-06-24,Mon,423,1,0,0,1
2019-06-25,Tue,1297,1,1,0,0
2019-06-26,Wed,635,1,0,0,1
2019-06-27,Thu,541,1,0,0,1
2019-06-28,Fri,2485,1,1,0,0
2019-06-29,Sat,1654,1,1,0,0
2019-06-30,Sun,2551,1,0,0,1
2019-07-01,Mon,338,1,0,0,1
2019-07-02,Tue,414,1,0,0,1
2019-07-03,Wed,610,1,0,0,1
2019-07-04,Thu,1908,1,1,0,0
2019-07-05,Fri,2630,1,1,0,0
2019-07-06,Sat,3326,1,1,0,0
2019-07-07,Sun,2560,1,1,0,0
2019-07-08,Mon,418,1,0,0,1
2019-07-09,Tue,463,1,0,0,0
2019-07-10,Wed,997,1,1,0,0
2019-07-11,Thu,2144,1,1,0,0
2019-07-12,Fri,1204,1,1,0,0
2019-07-13,Sat,2561,1,1,0,0
2019-07-14,Sun,2734,1,0,0,1
2019-07-15,Mon,398,1,0,0,1
2019-07-16,Tue,621,1,0,0,1
2019-07-17,Wed,670,1,0,0,1
2019-07-18,Thu,994,1,0,0,1
2019-07-19,Fri,1507,1,1,0,0
2019-07-20,Sat,1092,1,1,0,0
2019-07-21,Sun,3384,1,0,0,0
2019-07-22,Mon,338,1,0,0,1
2019-07-23,Tue,392,1,0,0,1
2019-07-24,Wed,1647,1,0,0,0
2019-07-25,Thu,2043,1,0,0,0
2019-07-26,Fri,2500,1,1,0,0
2019-07-27,Sat,2781,1,1,0,0
2019-07-28,Sun,2406,1,1,0,0
2019-07-29,Mon,514,1,0,0,1
2019-07-30,Tue,354,1,0,0,1
2019-07-31,Wed,990,1,0,0,1
2019-08-01,Thu,1860,1,0,0,1
2019-08-02,Fri,1642,1,1,0,0
2019-08-03,Sat,3184,1,1,0,0
2019-08-04,Sun,2287,1,0,0,1
2019-08-05,Mon,546,1,0,0,1
2019-08-06,Tue,1036,1,0,0,1
2019-08-07,Wed,906,1,0,0,0
2019-08-08,Thu,1441,1,1,0,0
2019-08-09,Fri,1731,1,1,0,0
2019-08-10,Sat,2142,1,0,0,1
2019-08-11,Sun,1925,1,1,0,0
2019-08-12,Mon,479,1,0,0,1
2019-08-13,Tue,394,1,0,0,1
2019-08-14,Wed,556,1,0,0,1
2019-08-15,Thu,1919,1,1,0,0
2019-08-16,Fri,2799,1,1,0,0
2019-08-17,Sat,2221,1,1,0,0
2019-08-18,Sun,3241,1,0,0,1
2019-08-19,Mon,1060,1,0,0,1
2019-08-20,Tue,302,1,0,0,1
2019-08-21,Wed,1645,1,0,0,1
2019-08-22,Thu,1105,1,0,0,1
2019-08-23,Fri,1355,1,1,0,0
2019-08-24,Sat,2424,1,1,0,0
2019-08-25,Sun,2993,1,1,0,0
2019-08-26,Mon,259,1,0,0,0
2019-08-27,Tue,486,1,0,0,0
2019-08-28,Wed,757,1,0,0,0
2019-08-29,Thu,1781,1,1,0,0
2019-08-30,Fri,976,1,0,0,1
2019-08-31,Sat,1566,1,0,0,0
2019-09-01,Sun,2564,1,1,0,0
2019-09-02,Mon,373,1,0,0,1
2019-09-03,Tue,676,1,0,0,0
2019-09-04,Wed,908,1,1,0,0
2019-09-05,Thu,2095,1,1,0,0
2019-09-06,Fri,1915,1,1,0,0
2019-09-07,Sat,1649,1,1,0,0
2019-09-08,Sun,2684,1,1,0,0
2019-09-09,Mon,361,1,0,0,0
2019-09-10,Tue,612,1,0,0,1
2019-09-11,Wed,1224,1,0,0,1
2019-09-12,Thu,1217,1,0,0,1
2019-09-13,Fri,1835,1,0,0,1
2019-09-14,Sat,2857,1,1,0,0
2019-09-15,Sun,3428,1,1,0,0
2019-09-16,Mon,382,1,0,0,1
2019-09-17,Tue,470,1,0,0,1
2019-09-18,Wed,643,1,0,0,0
2019-09-19,Thu,1226,1,1,0,0
2019-09-20,Fri,1737,1,0,0,1
2019-09-21,Sat,3944,1,1,0,0
2019-09-22,Sun,3119,1,0,0,1
2019-09-23,Mon,449,1,0,0,1
2019-09-24,Tue,1371,1,0,0,1
2019-09-25,Wed,966,1,0,0,1
2019-09-26,Thu,1554,1,0,0,1
2019-09-27,Fri,1228,1,0,0,1
2019-09-28,Sat,1241,1,0,0,1
2019-09-29,Sun,3272,1,0,0,1
2019-09-30,Mon,384,1,0,0,1
2019-10-01,Tue,343,1,0,0,1
2019-10-02,Wed,1016,1,0,0,1
2019-10-03,Thu,680,1,0,0,1
2019-10-04,Fri,2924,1,0,0,1
2019-10-05,Sat,1473,1,0,0,1
2019-10-06,Sun,4477,1,0,0,1
2019-10-07,Mon,284,1,0,0,1
2019-10-08,Tue,425,1,0,0,1
2019-10-09,Wed,2496,1,1,0,0
2019-10-10,Thu,1557,1,1,0,0
2019-10-11,Fri,2208,1,1,0,0
2019-10-12,Sat,4382,1,0,0,1
2019-10-13,Sun,2721,1,0,0,1
2019-10-14,Mon,528,1,0,0,1
2019-10-15,Tue,919,1,0,0,1
2019-10-16,Wed,1309,1,0,0,1
2019-10-17,Thu,1587,1,1,0,0
2019-10-18,Fri,3431,1,0,0,1
2019-10-19,Sat,2331,1,1,0,0
2019-10-20,Sun,2422,1,0,0,1
2019-10-21,Mon,519,1,0,0,1
2019-10-22,Tue,474,1,0,0,1
2019-10-23,Wed,1001,1,1,0,0
2019-10-24,Thu,952,1,0,0,1
2019-10-25,Fri,1824,1,1,0,0
2019-10-26,Sat,1763,1,1,0,0
2019-10-27,Sun,3224,1,1,0,0
2019-10-28,Mon,316,1,0,0,1
2019-10-29,Tue,554,1,0,0,1
2019-10-30,Wed,615,1,0,0,1
2019-10-31,Thu,1338,1,0,0,1
2019-11-01,Fri,1805,1,0,0,1
2019-11-02,Sat,905,1,1,0,0
2019-11-03,Sun,2604,1,0,0,1
2019-11-04,Mon,301,1,0,0,1
2019-11-05,Tue,376,1,0,0,1
2019-11-06,Wed,613,1,0,0,1
2019-11-07,Thu,2466,1,1,0,0
2019-11-08,Fri,1959,1,0,0,1
2019-11-09,Sat,946,1,0,0,1
2019-11-10,Sun,3245,1,1,0,0
2019-11-11,Mon,297,1,0,0,1
2019-11-12,Tue,454,1,0,0,1
2019-11-13,Wed,1217,1,1,0,0
2019-11-14,Thu,582,1,0,0,1
2019-11-15,Fri,1522,1,0,0,1
2019-11-16,Sat,1577,1,0,0,1
2019-11-17,Sun,4506,1,1,0,0
2019-11-18,Mon,1050,1,0,0,1
2019-11-19,Tue,495,1,0,0,1
2019-11-20,Wed,499,1,0,0,1
2019-11-21,Thu,1056,1,0,0,1
2019-11-22,Fri,1713,1,0,0,1
2019-11-23,Sat,1739,1,1,0,0
2019-11-24,Sun,2512,1,1,0,0
2019-11-25,Mon,1099,1,0,0,1
2019-11-26,Tue,418,1,0,0,1
2019-11-27,Wed,1080,1,0,0,1
2019-11-28,Thu,2589,1,1,0,0
2019-11-29,Fri,2151,1,0,0,1
2019-11-30,Sat,2487,1,1,0,0
2019-12-01,Sun,1947,1,0,0,1
2019-12-02,Mon,355,1,0,0,1
2019-12-03,Tue,649,1,0,0,1
2019-12-04,Wed,292,1,0,0,1
2019-12-05,Thu,2004,1,1,0,0
2019-12-06,Fri,1931,1,0,0,1
2019-12-07,Sat,3070,1,1,0,0
2019-12-08,Sun,2170,1,0,0,1
2019-12-09,Mon,261,1,0,0,1
2019-12-10,Tue,367,1,0,0,1
2019-12-11,Wed,746,1,0,0,1
2019-12-12,Thu,2394,1,0,0,1
2019-12-13,Fri,1486,1,1,0,0
2019-12-14,Sat,1361,1,1,0,0
2019-12-15,Sun,2120,1,1,0,0
2019-12-16,Mon,376,1,0,0,1
2019-12-17,Tue,526,1,0,0,1
2019-12-18,Wed,583,1,0,0,1
2019-12-19,Thu,839,1,0,0,1
2019-12-20,Fri,2174,1,0,0,1
2019-12-21,Sat,2795,1,1,0,0
2019-12-22,Sun,2488,1,0,0,1
2019-12-23,Mon,278,1,0,0,1
2019-12-24,Tue,832,1,0,0,1
2019-12-25,Wed,764,1,0,0,1
2019-12-26,Thu,990,1,0,0,1
2019-12-27,Fri,1234,1,0,0,1
2019-12-28,Sat,1863,1,0,0,1
2019-12-29,Sun,3095,1,0,0,1
2019-12-30,Mon,320,1,0,0,1
2019-12-31,Tue,372,1,0,0,1
2020-01-01,Wed,1176,1,0,0,1
2020-01-02,Thu,1560,1,0,0,1
2020-01-03,Fri,1547,1,0,0,1
2020-01-04,Sat,1507,1,0,0,1
2020-01-05,Sun,5429,1,0,0,1
2020-01-06,Mon,455,1,0,0,1
2020-01-07,Tue,696,1,0,0,1
2020-01-08,Wed,758,1,0,0,1
2020-01-09,Thu,2775,1,0,0,1
2020-01-10,Fri,1934,1,0,0,1
2020-01-11,Sat,2346,1,0,0,1
2020-01-12,Sun,1980,1,0,0,1
2020-01-13,Mon,420,1,0,0,1
2020-01-14,Tue,790,1,0,0,1
2020-01-15,Wed,3387,1,0,0,1
2020-01-16,Thu,3245,1,0,0,1
2020-01-17,Fri,1519,1,0,0,1
2020-01-18,Sat,2142,1,0,0,1
2020-01-19,Sun,2844,1,1,0,0
2020-01-20,Mon,262,1,0,0,1
2020-01-21,Tue,674,1,0,0,1
2020-01-22,Wed,1201,1,0,0,1
2020-01-23,Thu,1984,1,0,0,1
2020-01-24,Fri,1283,1,0,0,1
2020-01-25,Sat,3965,1,1,0,0
2020-01-26,Sun,3248,1,1,0,0
2020-01-27,Mon,684,1,0,0,1
2020-01-28,Tue,388,1,0,0,1
2020-01-29,Wed,1068,1,0,0,1
2020-01-30,Thu,910,1,0,0,1
2020-01-31,Fri,1262,1,0,0,1
2020-02-01,Sat,3844,1,1,0,0
2020-02-02,Sun,1884,1,1,0,0
2020-02-03,Mon,316,1,0,0,1
2020-02-04,Tue,391,1,0,0,1
2020-02-05,Wed,1452,1,0,0,1
2020-02-06,Thu,1621,1,0,0,1
2020-02-07,Fri,3388,1,0,0,1
2020-02-08,Sat,2361,1,0,0,1
2020-02-09,Sun,3068,1,1,0,0
2020-02-10,Mon,678,1,0,0,1
2020-02-11,Tue,407,1,0,0,1
2020-02-12,Wed,542,1,0,0,1
2020-02-13,Thu,1974,1,0,0,1
2020-02-14,Fri,2096,1,0,0,1
2020-02-15,Sat,12799,1,1,0,0
2020-02-16,Sun,2525,1,1,0,0
2020-02-17,Mon,317,1,0,0,1
2020-02-18,Tue,771,1,0,0,1
2020-02-19,Wed,874,1,0,0,1
2020-02-20,Thu,2327,1,0,0,1
2020-02-21,Fri,1809,1,0,0,1
2020-02-22,Sat,2665,1,1,0,0
2020-02-23,Sun,2504,1,0,0,1
2020-02-24,Mon,394,1,0,0,1
2020-02-25,Tue,532,1,0,0,1
2020-02-26,Wed,1150,1,1,0,0
2020-02-27,Thu,653,1,0,0,1
2020-02-28,Fri,1092,1,0,0,1
2020-02-29,Sat,3195,1,1,0,0
2020-03-01,Sun,3936,1,1,0,0
2020-03-02,Mon,360,1,0,0,1
2020-03-03,Tue,838,1,0,0,1
2020-03-04,Wed,1237,1,0,0,1
2020-03-05,Thu,2237,1,0,0,1
2020-03-06,Fri,1795,1,0,0,1
2020-03-07,Sat,2295,1,1,0,0
2020-03-08,Sun,2682,1,0,0,0
2020-03-09,Mon,506,1,0,0,1
2020-03-10,Tue,599,1,0,0,1
2020-03-11,Wed,899,1,0,0,1
2020-03-12,Thu,1492,1,0,0,1
2020-03-13,Fri,1294,1,1,0,0
2020-03-14,Sat,2795,1,0,0,1
2020-03-15,Sun,3868,1,1,0,0
2020-03-16,Mon,308,1,0,0,1
2020-03-17,Tue,578,1,0,0,1
2020-03-18,Wed,553,1,0,0,1
2020-03-19,Thu,800,1,0,0,1
2020-03-20,Fri,2685,1,0,0,1
2020-03-21,Sat,1103,1,0,0,1
2020-03-22,Sun,3336,1,0,0,1
2020-03-23,Mon,312,1,0,0,1
2020-03-24,Tue,666,1,0,0,1
2020-03-25,Wed,1194,1,1,0,0
2020-03-26,Thu,1421,1,1,0,0
2020-03-27,Fri,2612,1,1,0,0
2020-03-28,Sat,2428,1,1,0,0
2020-03-29,Sun,2893,1,0,0,1
2020-03-30,Mon,305,1,0,0,1
2020-03-31,Tue,486,1,0,0,1
2020-04-01,Wed,740,1,0,0,1
2020-04-02,Thu,2154,1,1,0,0
2020-04-03,Fri,1487,1,0,0,1
2020-04-04,Sat,780,1,0,0,1
2020-04-05,Sun,4267,1,0,0,1
2020-04-06,Mon,324,1,0,0,1
2020-04-07,Tue,377,1,0,0,1
2020-04-08,Wed,939,1,0,0,1
2020-04-09,Thu,1336,1,0,0,1
2020-04-10,Fri,9716,1,0,0,1
2020-04-11,Sat,2280,1,0,0,1
2020-04-12,Sun,2868,1,0,0,1
2020-04-13,Mon,235,1,0,0,1
2020-04-14,Tue,385,1,0,0,1
2020-04-15,Wed,840,1,0,0,1
2020-04-16,Thu,3565,1,0,0,1
2020-04-17,Fri,804,1,0,0,1
2020-04-18,Sat,2956,1,0,0,1
2020-04-19,Sun,1729,1,0,0,1
2020-04-20,Mon,449,1,0,0,1
2020-04-21,Tue,521,1,0,0,1
2020-04-22,Wed,1049,1,0,0,1
2020-04-23,Thu,1663,1,0,0,1
2020-04-24,Fri,2286,1,1,0,0
2020-04-25,Sat,2161,1,1,0,0
2020-04-26,Sun,2489,1,1,0,0
2020-04-27,Mon,338,1,0,0,1
2020-04-28,Tue,434,1,0,0,1
2020-04-29,Wed,1094,1,1,0,0
2020-04-30,Thu,1022,1,0,0,1
2020-05-01,Fri,959,1,0,0,1
2020-05-02,Sat,1487,1,0,0,1
2020-05-03,Sun,4252,1,1,0,0
2020-05-04,Mon,351,1,0,0,1
2020-05-05,Tue,605,1,0,0,1
2020-05-06,Wed,1098,1,0,0,1
2020-05-07,Thu,1485,1,1,0,0
2020-05-08,Fri,2390,1,0,0,1
2020-05-09,Sat,2340,1,1,0,0
2020-05-10,Sun,3108,1,1,0,0
2020-05-11,Mon,355,1,0,0,1
2020-05-12,Tue,703,1,0,0,1
2020-05-13,Wed,2630,1,0,0,1
2020-05-14,Thu,914,1,0,0,1
2020-05-15,Fri,978,1,0,0,1
2020-05-16,Sat,864,1,0,0,1
2020-05-17,Sun,2566,1,1,0,0
2020-05-18,Mon,281,1,0,0,1
2020-05-19,Tue,679,1,0,0,1
2020-05-20,Wed,601,1,0,0,1
2020-05-21,Thu,1500,1,0,0,1
2020-05-22,Fri,1203,1,1,0,0
2020-05-23,Sat,1410,1,1,0,0
2020-05-24,Sun,2915,1,0,0,1
2020-05-25,Mon,320,1,0,0,1
2020-05-26,Tue,1056,1,0,0,1
2020-05-27,Wed,541,1,0,0,1
2020-05-28,Thu,2032,1,0,0,1
2020-05-29,Fri,2293,1,0,0,0
2020-05-30,Sat,1308,1,1,0,0
2020-05-31,Sun,2213,1,0,0,1
2020-06-01,Mon,243,1,0,0,1
2020-06-02,Tue,461,1,0,0,1
2020-06-03,Wed,786,1,1,0,0
2020-06-04,Thu,781,1,0,0,1
2020-06-05,Fri,2905,1,1,0,0
2020-06-06,Sat,3031,1,1,0,0
2020-06-07,Sun,2460,1,1,0,0
2020-06-08,Mon,361,1,0,0,1
2020-06-09,Tue,581,1,0,0,1
2020-06-10,Wed,573,1,0,0,1
2020-06-11,Thu,2349,1,0,0,1
2020-06-12,Fri,669,1,0,0,1
2020-06-13,Sat,2136,1,1,0,0
2020-06-14,Sun,2885,1,0,0,1
2020-06-15,Mon,356,1,0,0,1
2020-06-16,Tue,1027,1,0,0,1
2020-06-17,Wed,1297,1,0,0,1
2020-06-18,Thu,1649,1,0,0,1
2020-06-19,Fri,4096,1,1,0,0
2020-06-20,Sat,1504,1,1,0,0
2020-06-21,Sun,2670,1,1,0,0
2020-06-22,Mon,388,1,0,0,1
2020-06-23,Tue,614,1,0,0,1
2020-06-24,Wed,659,1,0,0,1
2020-06-25,Thu,1211,1,0,0,1
2020-06-26,Fri,1895,1,0,0,1
2020-06-27,Sat,2118,1,1,0,0
2020-06-28,Sun,1987,1,1,0,0
2020-06-29,Mon,452,1,0,0,1
2020-06-30,Tue,3814,1,0,0,1
2020-07-01,Wed,873,1,0,0,1
2020-07-02,Thu,752,1,0,0,0
2020-07-03,Fri,804,1,1,0,0
2020-07-04,Sat,1770,1,1,0,0
2020-07-05,Sun,1497,1,0,0,0
2020-07-06,Mon,334,1,0,0,1
2020-07-07,Tue,378,1,0,0,1
2020-07-08,Wed,839,1,0,0,1
2020-07-09,Thu,1359,1,0,0,1
2020-07-10,Fri,1495,1,1,0,0
2020-07-11,Sat,2385,1,1,0,0
2020-07-12,Sun,1965,1,0,0,1
2020-07-13,Mon,626,1,0,0,1
2020-07-14,Tue,1804,1,1,0,0
2020-07-15,Wed,555,1,1,0,0
2020-07-16,Thu,917,1,0,0,0
2020-07-17,Fri,2842,1,1,0,0
2020-07-18,Sat,1442,1,1,0,0
2020-07-19,Sun,2129,1,1,0,0
2020-07-20,Mon,391,1,0,0,1
2020-07-21,Tue,765,1,0,0,1
2020-07-22,Wed,671,1,0,0,1
2020-07-23,Thu,1559,1,1,0,0
2020-07-24,Fri,821,1,0,0,1
2020-07-25,Sat,1020,1,0,0,0
2020-07-26,Sun,1444,1,0,0,1
2020-07-27,Mon,323,1,0,0,1
2020-07-28,Tue,600,1,0,0,1
2020-07-29,Wed,620,1,0,0,1
2020-07-30,Thu,581,1,0,0,1
2020-07-31,Fri,1420,1,0,0,1
2020-08-01,Sat,1115,1,0,0,1
2020-08-02,Sun,2782,1,1,0,0
2020-08-03,Mon,299,1,0,0,1
2020-08-04,Tue,1236,1,0,0,1
2020-08-05,Wed,489,1,0,0,1
2020-08-06,Thu,1334,1,0,0,1
2020-08-07,Fri,1847,1,1,0,0
2020-08-08,Sat,1254,1,0,0,1
2020-08-09,Sun,2009,1,1,0,0
2020-08-10,Mon,352,1,0,0,1
2020-08-11,Tue,628,1,0,0,1
2020-08-12,Wed,934,1,0,0,1
2020-08-13,Thu,1372,1,0,0,1
2020-08-14,Fri,1721,1,0,0,1
2020-08-15,Sat,1469,1,1,0,0
2020-08-16,Sun,1439,1,1,0,0
2020-08-17,Mon,354,1,0,0,1
2020-08-18,Tue,321,1,0,0,1
2020-08-19,Wed,631,1,0,0,1
2020-08-20,Thu,2201,1,0,0,1
2020-08-21,Fri,2631,1,1,0,0
2020-08-22,Sat,1440,1,0,0,1
2020-08-23,Sun,2260,1,1,0,0
2020-08-24,Mon,336,1,0,0,1
2020-08-25,Tue,481,1,0,0,1
2020-08-26,Wed,531,1,0,0,1
2020-08-27,Thu,1748,1,1,0,0
2020-08-28,Fri,1217,1,1,0,0
2020-08-29,Sat,1105,1,1,0,0
2020-08-30,Sun,1675,1,1,0,0
2020-08-31,Mon,329,1,0,0,1
2020-09-01,Tue,901,1,0,0,1
2020-09-02,Wed,745,1,0,0,1
2020-09-03,Thu,1099,1,0,0,1
2020-09-04,Fri,1391,1,1,0,0
2020-09-05,Sat,1392,1,1,0,0
2020-09-06,Sun,2492,1,1,0,0
2020-09-07,Mon,391,1,0,0,1
2020-09-08,Tue,686,1,0,0,1
2020-09-09,Wed,1449,1,0,0,1
2020-09-10,Thu,1371,1,1,0,0
2020-09-11,Fri,1187,1,1,0,0
2020-09-12,Sat,1563,1,1,0,0
2020-09-13,Sun,2544,1,1,0,0
2020-09-14,Mon,444,1,0,0,1
2020-09-15,Tue,469,1,0,0,1
2020-09-16,Wed,915,1,1,0,0
2020-09-17,Thu,980,1,0,0,1
2020-09-18,Fri,1671,1,1,0,0
2020-09-19,Sat,1460,1,1,0,0
2020-09-20,Sun,1917,1,0,0,1
2020-09-21,Mon,536,1,0,0,1
2020-09-22,Tue,464,1,0,0,1
2020-09-23,Wed,596,1,0,0,1
2020-09-24,Thu,1074,1,1,0,0
2020-09-25,Fri,1732,1,1,0,0
2020-09-26,Sat,1917,1,0,0,0
2020-09-27,Sun,1854,1,0,0,0
2020-09-28,Mon,495,1,0,0,1
2020-09-29,Tue,358,1,0,0,1
2020-09-30,Wed,520,1,0,0,1
2020-10-01,Thu,2147,1,1,0,0
2020-10-02,Fri,863,1,0,0,0
2020-10-03,Sat,1766,1,1,0,0
2020-10-04,Sun,1883,1,1,0,0
2020-10-05,Mon,343,1,0,0,1
2020-10-06,Tue,833,1,0,0,1
2020-10-07,Wed,506,1,0,0,1
2020-10-08,Thu,916,1,0,0,1
2020-10-09,Fri,1448,1,0,0,1
2020-10-10,Sat,1447,1,1,0,0
2020-10-11,Sun,2326,1,1,0,0
2020-10-12,Mon,529,1,0,0,1
2020-10-13,Tue,439,1,0,0,1
2020-10-14,Wed,756,1,0,0,1
2020-10-15,Thu,835,1,1,0,0
2020-10-16,Fri,1281,1,1,0,0
2020-10-17,Sat,1067,1,1,0,0
2020-10-18,Sun,1618,1,1,0,0
2020-10-19,Mon,342,1,0,0,1
2020-10-20,Tue,620,1,0,0,1
2020-10-21,Wed,503,1,0,0,1
2020-10-22,Thu,1709,1,1,0,0
2020-10-23,Fri,1380,1,1,0,0
2020-10-24,Sat,2071,1,1,0,0
2020-10-25,Sun,1863,1,1,0,0
2020-10-26,Mon,393,1,0,0,1
2020-10-27,Tue,431,1,0,0,1
2020-10-28,Wed,1528,1,1,0,0
2020-10-29,Thu,1601,1,1,0,0
2020-10-30,Fri,996,1,1,0,0
2020-10-31,Sat,1503,1,1,0,0
2020-11-01,Sun,1787,1,1,0,0
2020-11-02,Mon,293,1,0,0,1
2020-11-03,Tue,507,1,0,0,1
2020-11-04,Wed,438,1,0,0,1
2020-11-05,Thu,1440,1,0,0,1
2020-11-06,Fri,1417,1,1,0,0
2020-11-07,Sat,1961,1,1,0,0
2020-11-08,Sun,2033,1,1,0,0
2020-11-09,Mon,428,1,0,0,1
2020-11-10,Tue,600,1,0,0,1
2020-11-11,Wed,812,1,0,0,1
2020-11-12,Thu,912,1,0,0,1
2020-11-13,Fri,750,1,0,0,1
2020-11-14,Sat,1576,1,0,0,1
2020-11-15,Sun,2722,1,1,0,0
2020-11-16,Mon,373,1,0,0,1
2020-11-17,Tue,623,1,0,0,1
2020-11-18,Wed,636,1,0,0,1
2020-11-19,Thu,1427,1,0,0,1
2020-11-20,Fri,1036,1,0,0,1
2020-11-21,Sat,2499,1,0,0,1
2020-11-22,Sun,1636,1,0,0,1
2020-11-23,Mon,431,1,0,0,1
2020-11-24,Tue,368,1,0,0,1
2020-11-25,Wed,344,1,0,0,1
2020-11-26,Thu,787,1,0,0,1
2020-11-27,Fri,1216,1,0,0,1
2020-11-28,Sat,633,1,0,0,1
2020-11-29,Sun,2002,1,1,0,0
2020-11-30,Mon,283,1,0,0,1
2020-12-01,Tue,724,1,0,0,1
2020-12-02,Wed,1630,1,1,0,0
2020-12-03,Thu,877,1,0,0,1
2020-12-04,Fri,1149,1,0,0,1
2020-12-05,Sat,1242,1,0,0,1
2020-12-06,Sun,1678,1,1,0,0
2020-12-07,Mon,356,1,0,0,1
2020-12-08,Tue,611,1,0,0,1
2020-12-09,Wed,582,1,0,0,1
2020-12-10,Thu,1015,1,0,0,1
2020-12-11,Fri,2336,1,0,0,1
2020-12-12,Sat,2678,1,0,0,1
2020-12-13,Sun,1735,1,0,0,1
2020-12-14,Mon,467,1,0,0,1
2020-12-15,Tue,335,1,0,0,1
2020-12-16,Wed,536,1,0,0,1
2020-12-17,Thu,1863,1,0,0,1
2020-12-18,Fri,2085,1,0,0,1
2020-12-19,Sat,2082,1,0,0,1
2020-12-20,Sun,2592,1,0,0,1
2020-12-21,Mon,734,1,0,0,1
2020-12-22,Tue,443,1,0,0,1
2020-12-23,Wed,1232,1,0,0,1
2020-12-24,Thu,774,1,0,0,1
2020-12-25,Fri,764,1,0,0,1
2020-12-26,Sat,2259,1,0,0,1
2020-12-27,Sun,1842,1,0,0,1
2020-12-28,Mon,412,1,0,0,0
2020-12-29,Tue,438,1,0,0,1
2020-12-30,Wed,921,1,0,0,1
2020-12-31,Thu,1587,1,1,0,0
2021-01-01,Fri,96,0,0,0,0
2021-01-02,Sat,0,0,0,0,0
2021-01-03,Sun,574,0,0,0,0
2021-01-04,Mon,422,1,0,0,1
2021-01-05,Tue,611,1,0,0,1
2021-01-06,Wed,441,1,0,0,1
2021-01-07,Thu,1018,1,0,0,0
2021-01-08,Fri,1560,1,1,0,0
2021-01-09,Sat,399,0,0,0,0
2021-01-10,Sun,1683,1,1,0,0
2021-01-11,Mon,533,1,0,0,1
2021-01-12,Tue,535,1,0,0,1
2021-01-13,Wed,604,1,0,0,1
2021-01-14,Thu,1417,1,1,0,0
2021-01-15,Fri,1157,1,1,0,0
2021-01-16,Sat,494,0,0,0,0
2021-01-17,Sun,2516,1,0,0,1
2021-01-18,Mon,342,1,0,0,1
2021-01-19,Tue,686,1,0,0,1
2021-01-20,Wed,620,1,0,0,1
2021-01-21,Thu,1326,1,1,0,0
2021-01-22,Fri,0,0,0,0,0
2021-01-23,Sat,432,0,0,0,0
2021-01-24,Sun,2398,1,1,0,0
2021-01-25,Mon,361,1,0,0,1
2021-01-26,Tue,594,1,0,0,1
2021-01-27,Wed,502,1,0,0,1
2021-01-28,Thu,1181,1,0,0,1
2021-01-29,Fri,896,1,0,0,0
2021-01-30,Sat,865,1,0,0,1
2021-01-31,Sun,2802,1,0,0,1
2021-02-01,Mon,332,1,0,0,1
2021-02-02,Tue,990,1,1,0,0
2021-02-03,Wed,498,1,0,0,1
2021-02-04,Thu,1058,1,1,0,0
2021-02-05,Fri,1344,1,0,0,0
2021-02-06,Sat,19,0,0,0,0
2021-02-07,Sun,913,0,0,0,0
2021-02-08,Mon,584,1,0,0,1
2021-02-09,Tue,623,1,0,0,1
2021-02-10,Wed,477,1,0,0,1
2021-02-11,Thu,1169,1,1,0,0
2021-02-12,Fri,1754,1,1,0,0
2021-02-13,Sat,1034,1,0,0,1
2021-02-14,Sun,1060,0,0,0,0
2021-02-15,Mon,434,1,0,0,0
2021-02-16,Tue,460,1,0,0,0
2021-02-17,Wed,566,1,0,0,1
2021-02-18,Thu,800,1,0,0,1
2021-02-19,Fri,1328,1,1,0,0
2021-02-20,Sat,0,0,0,0,0
2021-02-21,Sun,0,0,0,0,0
2021-02-22,Mon,409,1,1,0,0
2021-02-23,Tue,571,1,0,0,1
2021-02-24,Wed,993,1,1,0,0
2021-02-25,Thu,778,1,1,0,0
2021-02-26,Fri,1070,1,1,0,0
2021-02-27,Sat,0,0,0,0,0
2021-02-28,Sun,1581,1,0,0,1
2021-03-01,Mon,284,1,0,0,1
2021-03-02,Tue,637,1,0,0,1
2021-03-03,Wed,433,1,0,0,1
2021-03-04,Thu,1025,1,0,0,1
2021-03-05,Fri,1264,1,1,0,0
2021-03-06,Sat,1230,1,0,0,0
2021-03-07,Sun,1157,1,0,0,1
2021-03-08,Mon,336,1,0,0,1
2021-03-09,Tue,336,1,0,0,1
2021-03-10,Wed,726,1,0,0,1
2021-03-11,Thu,1114,1,0,0,1
2021-03-12,Fri,864,1,0,0,0
2021-03-13,Sat,1311,1,0,0,1
2021-03-14,Sun,1294,0,0,0,0
2021-03-15,Mon,389,1,0,0,1
2021-03-16,Tue,632,1,0,0,1
2021-03-17,Wed,651,1,0,0,1
2021-03-18,Thu,854,1,0,0,1
2021-03-19,Fri,467,0,0,0,0
2021-03-20,Sat,1895,1,1,0,0
2021-03-21,Sun,3555,1,1,0,0
2021-03-22,Mon,397,1,0,0,1
2021-03-23,Tue,471,1,1,0,0
2021-03-24,Wed,759,1,0,0,1
2021-03-25,Thu,227,0,0,0,0
2021-03-26,Fri,1325,1,1,0,0
2021-03-27,Sat,0,0,0,0,0
2021-03-28,Sun,0,0,0,0,0
2021-03-29,Mon,377,1,0,0,1
2021-03-30,Tue,441,1,0,0,1
2021-03-31,Wed,618,1,0,0,1
2021-04-01,Thu,982,1,0,0,1
2021-04-02,Fri,570,1,0,0,1
2021-04-03,Sat,1002,0,0,0,0
2021-04-04,Sun,2959,1,1,0,0
2021-04-05,Mon,417,1,0,0,1
2021-04-06,Tue,633,1,0,0,1
2021-04-07,Wed,445,1,0,0,1
2021-04-08,Thu,1010,1,0,0,1
2021-04-09,Fri,938,1,0,0,1
2021-04-10,Sat,1596,1,1,0,0
2021-04-11,Sun,1852,1,1,0,0
2021-04-12,Mon,336,1,0,0,1
2021-04-13,Tue,367,1,0,0,1
2021-04-14,Wed,577,1,0,0,1
2021-04-15,Thu,989,1,0,0,1
2021-04-16,Fri,0,0,0,0,0
2021-04-17,Sat,850,1,0,0,1
2021-04-18,Sun,2051,1,0,0,1
2021-04-19,Mon,417,1,0,0,1
2021-04-20,Tue,361,1,0,0,1
2021-04-21,Wed,625,1,0,0,1
2021-04-22,Thu,1098,1,0,0,1
2021-04-23,Fri,165,0,0,0,0
2021-04-24,Sat,0,0,0,0,0
2021-04-25,Sun,691,0,0,0,0
2021-04-26,Mon,386,1,1,0,0
2021-04-27,Tue,322,1,0,0,0
2021-04-28,Wed,0,0,0,0,0
2021-04-29,Thu,22,0,0,0,0
2021-04-30,Fri,773,1,1,0,0
2021-05-01,Sat,0,0,0,0,0
2021-05-02,Sun,1432,1,0,0,1
2021-05-03,Mon,358,1,0,0,1
2021-05-04,Tue,353,1,0,0,0
2021-05-05,Wed,553,1,0,0,1
2021-05-06,Thu,1045,1,0,0,1
2021-05-07,Fri,1039,1,0,0,1
2021-05-08,Sat,616,1,0,0,1
2021-05-09,Sun,1849,1,1,0,0
2021-05-10,Mon,261,1,0,0,1
2021-05-11,Tue,426,1,0,0,0
2021-05-12,Wed,650,1,1,0,0
2021-05-13,Thu,1383,1,0,0,0
2021-05-14,Fri,1815,1,0,0,1
2021-05-15,Sat,2588,1,0,0,1
2021-05-16,Sun,2853,1,0,0,1
2021-05-17,Mon,349,1,0,0,0
2021-05-18,Tue,371,1,1,0,0
2021-05-19,Wed,549,1,1,0,0
2021-05-20,Thu,1540,1,1,0,0
2021-05-21,Fri,373,0,0,0,0
2021-05-22,Sat,1210,1,1,0,0
2021-05-23,Sun,1190,1,1,0,0
2021-05-24,Mon,364,1,0,0,1
2021-05-25,Tue,775,1,0,0,1
2021-05-26,Wed,736,1,0,0,1
2021-05-27,Thu,1036,1,0,0,1
2021-05-28,Fri,3690,1,1,0,0
2021-05-29,Sat,1742,1,1,0,0
2021-05-30,Sun,1464,1,1,0,0
2021-05-31,Mon,316,1,0,0,0
2021-06-01,Tue,362,1,0,0,1
2021-06-02,Wed,489,1,0,0,1
2021-06-03,Thu,642,1,0,0,1
2021-06-04,Fri,606,1,0,0,1
2021-06-05,Sat,1911,1,1,0,0
2021-06-06,Sun,2683,1,0,0,1
2021-06-07,Mon,434,1,0,0,1
2021-06-08,Tue,625,1,0,0,1
2021-06-09,Wed,525,1,0,0,1
2021-06-10,Thu,720,1,0,0,1
2021-06-11,Fri,843,1,0,0,1
2021-06-12,Sat,915,1,0,0,1
2021-06-13,Sun,1767,1,0,0,1
2021-06-14,Mon,341,1,0,0,1
2021-06-15,Tue,402,1,0,0,1
2021-06-16,Wed,902,1,0,0,1
2021-06-17,Thu,1971,1,0,0,1
2021-06-18,Fri,1551,1,0,0,1
2021-06-19,Sat,1497,1,0,0,1
2021-06-20,Sun,1422,1,0,0,1
2021-06-21,Mon,285,1,0,0,1
2021-06-22,Tue,393,1,0,0,1
2021-06-23,Wed,412,1,0,0,1
2021-06-24,Thu,1053,1,0,0,1
2021-06-25,Fri,913,1,0,0,1
2021-06-26,Sat,1740,1,1,0,0
2021-06-27,Sun,1611,1,1,0,0
2021-06-28,Mon,610,1,0,0,1
2021-06-29,Tue,843,1,0,0,1
2021-06-30,Wed,504,1,0,0,1
2021-07-01,Thu,879,1,0,0,1
2021-07-02,Fri,1724,1,0,0,1
2021-07-03,Sat,2919,1,1,0,0
2021-07-04,Sun,1536,1,0,0,1
2021-07-05,Mon,354,1,0,0,1
2021-07-06,Tue,446,1,0,0,1
2021-07-07,Wed,410,1,0,0,1
2021-07-08,Thu,806,1,0,0,1
2021-07-09,Fri,969,1,0,0,1
2021-07-10,Sat,0,0,0,0,0
2021-07-11,Sun,0,0,0,0,0
2021-07-12,Mon,411,1,0,0,1
2021-07-13,Tue,818,1,1,0,0
2021-07-14,Wed,750,1,0,0,1
2021-07-15,Thu,1114,1,0,0,1
2021-07-16,Fri,986,1,1,0,0
2021-07-17,Sat,821,0,0,0,0
2021-07-18,Sun,1431,1,1,0,0
2021-07-19,Mon,526,1,0,0,1
2021-07-20,Tue,415,1,0,0,1
2021-07-21,Wed,758,1,0,0,1
2021-07-22,Thu,110,0,0,0,0
2021-07-23,Fri,0,0,0,0,0
2021-07-24,Sat,0,0,0,0,0
2021-07-25,Sun,1621,1,1,0,0
2021-07-26,Mon,316,1,0,0,1
2021-07-27,Tue,604,1,0,0,0
2021-07-28,Wed,872,1,0,0,0
2021-07-29,Thu,0,0,0,0,0
2021-07-30,Fri,0,0,0,0,0
2021-07-31,Sat,0,0,0,0,0
2021-08-01,Sun,0,0,0,0,0
2021-08-02,Mon,207,1,0,0,1
2021-08-03,Tue,516,1,0,0,1
2021-08-04,Wed,704,1,0,0,1
2021-08-05,Thu,683,1,0,0,1
2021-08-06,Fri,1592,1,1,0,0
2021-08-07,Sat,823,0,0,0,0
2021-08-08,Sun,1572,1,0,0,1
2021-08-09,Mon,393,1,0,0,1
2021-08-10,Tue,436,1,0,0,1
2021-08-11,Wed,384,1,0,0,1
2021-08-12,Thu,1694,1,1,0,0
2021-08-13,Fri,1244,1,0,0,1
2021-08-14,Sat,1,0,0,0,0
2021-08-15,Sun,1889,1,1,0,0
2021-08-16,Mon,454,1,0,0,1
2021-08-17,Tue,649,1,0,0,1
2021-08-18,Wed,483,1,0,0,1
2021-08-19,Thu,1354,1,0,0,1
2021-08-20,Fri,1135,1,1,0,0
2021-08-21,Sat,0,0,0,0,0
2021-08-22,Sun,0,0,0,0,0
2021-08-23,Mon,489,1,0,0,0
2021-08-24,Tue,417,1,0,0,0
2021-08-25,Wed,692,1,0,0,0
2021-08-26,Thu,0,0,0,0,0
2021-08-27,Fri,0,0,0,0,0
2021-08-28,Sat,333,0,0,0,0
2021-08-29,Sun,1637,1,0,0,1
2021-08-30,Mon,428,1,0,0,1
2021-08-31,Tue,502,1,0,0,1
2021-09-01,Wed,536,1,0,0,1
2021-09-02,Thu,875,0,0,0,0
2021-09-03,Fri,1546,1,1,0,0
2021-09-04,Sat,0,0,0,0,0
2021-09-05,Sun,1439,0,0,0,0
2021-09-06,Mon,540,1,0,0,1
2021-09-07,Tue,390,1,0,0,1
2021-09-08,Wed,520,1,0,0,1
2021-09-09,Thu,932,1,0,0,0
2021-09-10,Fri,0,0,0,0,0
2021-09-11,Sat,1086,0,0,0,0
2021-09-12,Sun,849,0,0,0,0
2021-09-13,Mon,360,1,0,0,1
2021-09-14,Tue,502,1,0,0,1
2021-09-15,Wed,625,1,0,0,1
2021-09-16,Thu,554,1,0,0,1
2021-09-17,Fri,0,0,0,0,0
2021-09-18,Sat,1394,1,1,0,0
2021-09-19,Sun,802,0,0,0,0
2021-09-20,Mon,372,1,0,0,1
2021-09-21,Tue,528,1,0,0,1
2021-09-22,Wed,505,1,0,0,1
2021-09-23,Thu,349,0,0,0,0
2021-09-24,Fri,5,0,0,0,0
2021-09-25,Sat,0,0,0,0,0
2021-09-26,Sun,368,0,0,0,0
2021-09-27,Mon,356,1,0,0,1
2021-09-28,Tue,594,1,0,0,1
2021-09-29,Wed,612,1,0,0,1
2021-09-30,Thu,1221,1,0,0,1
2021-10-01,Fri,840,0,0,0,0
2021-10-02,Sat,0,0,0,0,0
2021-10-03,Sun,0,0,0,0,0
2021-10-04,Mon,328,1,0,0,1
2021-10-05,Tue,414,1,0,0,0
2021-10-06,Wed,1281,1,1,0,0
2021-10-07,Thu,976,1,0,0,1
2021-10-08,Fri,1027,1,0,0,0
2021-10-09,Sat,0,0,0,0,0
2021-10-10,Sun,2060,0,0,0,0
2021-10-11,Mon,528,1,0,0,1
2021-10-12,Tue,443,1,0,0,1
2021-10-13,Wed,682,1,1,0,0
2021-10-14,Thu,751,1,0,0,1
2021-10-15,Fri,1199,1,0,0,1
2021-10-16,Sat,279,0,0,0,0
2021-10-17,Sun,2003,1,0,0,1
2021-10-18,Mon,379,1,0,0,1
2021-10-19,Tue,351,1,0,0,1
2021-10-20,Wed,888,1,1,0,0
2021-10-21,Thu,784,1,0,0,1
2021-10-22,Fri,1545,1,1,0,0
2021-10-23,Sat,771,0,0,0,0
2021-10-24,Sun,1633,1,0,0,1
2021-10-25,Mon,891,1,0,0,1
2021-10-26,Tue,450,1,0,0,0
2021-10-27,Wed,427,1,0,0,1
2021-10-28,Thu,785,1,0,0,1
2021-10-29,Fri,1196,1,0,0,1
2021-10-30,Sat,1,0,0,0,0
2021-10-31,Sun,308,0,0,0,0
2021-11-01,Mon,371,1,0,0,1
2021-11-02,Tue,823,1,0,0,0
2021-11-03,Wed,529,1,0,0,0
2021-11-04,Thu,1118,1,0,0,0
2021-11-05,Fri,173,0,0,0,0
2021-11-06,Sat,834,1,1,0,0
2021-11-07,Sun,1698,1,0,0,1
2021-11-08,Mon,343,1,0,0,1
2021-11-09,Tue,348,1,0,0,1
2021-11-10,Wed,591,1,0,0,1
2021-11-11,Thu,1654,1,0,0,1
2021-11-12,Fri,1767,1,1,0,0
2021-11-13,Sat,768,0,0,0,0
2021-11-14,Sun,1017,1,0,0,1
2021-11-15,Mon,353,1,0,0,1
2021-11-16,Tue,615,1,0,0,1
2021-11-17,Wed,623,1,0,0,1
2021-11-18,Thu,578,1,0,0,1
2021-11-19,Fri,641,1,0,0,1
2021-11-20,Sat,0,0,0,0,0
2021-11-21,Sun,1953,1,1,0,0
2021-11-22,Mon,387,1,0,0,1
2021-11-23,Tue,323,1,0,0,1
2021-11-24,Wed,928,1,0,0,1
2021-11-25,Thu,929,1,0,0,1
2021-11-26,Fri,863,1,0,0,1
2021-11-27,Sat,1856,1,0,0,1
2021-11-28,Sun,2107,1,1,0,0
2021-11-29,Mon,252,1,0,0,1
2021-11-30,Tue,280,1,0,0,1
2021-12-01,Wed,643,1,0,0,1
2021-12-02,Thu,811,1,0,0,1
2021-12-03,Fri,921,1,0,0,1
2021-12-04,Sat,1307,1,0,0,1
2021-12-05,Sun,1295,1,0,0,1
2021-12-06,Mon,354,1,0,0,1
2021-12-07,Tue,323,1,0,0,1
2021-12-08,Wed,586,1,0,0,1
2021-12-09,Thu,898,1,0,0,1
2021-12-10,Fri,1919,1,1,0,0
2021-12-11,Sat,1003,1,0,0,1
2021-12-12,Sun,2810,1,0,0,1
2021-12-13,Mon,310,1,0,0,1
